entry,lemma,pos,gender,rank
certes,certes,ADV,,1500
fait,fait,VER,,1501
la tombe,tombe,NOM,f,1502
un malade,malade,ADJ,m,1503
social,social,ADJ,,1504
établir,établir,VER,,1505
un alcool,alcool,NOM,m,1506
surgir,surgir,VER,,1507
le fantôme,fantôme,NOM,m,1508
la planète,planète,NOM,f,1509
le samedi,samedi,NOM,m,1510
une unité,unité,NOM,f,1511
subir,subir,VER,,1512
franchir,franchir,VER,,1513
le don,don,NOM,m,1514
le niveau,niveau,NOM,m,1515
la mode,mode,NOM,f,1516
mignon,mignon,ADJ,,1517
lier,lier,VER,,1518
le rat,rat,NOM,m,1519
brillant,brillant,ADJ,,1520
provoquer,provoquer,VER,,1521
un empire,empire,NOM,m,1522
environ,environ,ADV,,1523
tendre,tendre,ADJ,,1524
le rayon,rayon,NOM,m,1525
un abri,abri,NOM,m,1526
le pardon,pardon,NOM,m,1527
un adieu,adieu,NOM,m,1528
la cuisse,cuisse,NOM,f,1529
le comité,comité,NOM,m,1530
un bleu,bleu,ADJ,m,1531
le talent,talent,VER,m,1532
contrôler,contrôler,VER,,1533
sur,sur,ADJ,,1534
goûter,goûter,NOM,,1535
honnête,honnête,ADJ,,1536
vaste,vaste,ADJ,,1537
la colline,colline,NOM,f,1538
le dessus,dessus,ADV,m,1539
la rose,rose,ADJ,f,1540
fournir,fournir,VER,,1541
réserver,réserver,VER,,1542
vu,vu,VER,,1544
la saison,saison,NOM,f,1545
inquiet,inquiet,ADJ,,1546
la région,région,NOM,f,1547
la fesse,fesse,NOM,f,1548
rigoler,rigoler,VER,,1549
brun,brun,ADJ,,1550
le démon,démon,NOM,m,1551
un uniforme,uniforme,ADJ,m,1553
le caractère,caractère,NOM,m,1554
le tapis,tapis,VER,m,1555
chaud,chaud,ADJ,,1556
russe,russe,ADJ,,1557
le paysan,paysan,ADJ,m,1558
lent,lent,ADJ,,1559
la maîtresse,maîtresse,ADJ,f,1560
un millier,millier,NOM,m,1561
le portrait,portrait,VER,m,1562
recouvrir,recouvrir,VER,,1563
accomplir,accomplir,VER,,1564
le commissaire,commissaire,NOM,m,1565
la circonstance,circonstance,NOM,f,1566
veiller,veiller,VER,,1567
la limite,limite,NOM,f,1568
parfaire,parfaire,VER,,1569
suivant,suivant,ADJ,,1570
rapprocher,rapprocher,VER,,1571
la surface,surface,NOM,f,1572
réel,réel,ADJ,,1573
nul,nul,ADJ,,1574
déchirer,déchirer,VER,,1576
sauvage,sauvage,ADJ,,1577
emmerder,emmerder,VER,,1578
une enquête,enquête,NOM,f,1579
arrivé,arrivé,VER,,1580
combattre,combattre,VER,,1581
affirmer,affirmer,VER,,1582
le pire,pire,ADJ,m,1583
joindre,joindre,VER,,1584
le mystère,mystère,NOM,m,1585
conclure,conclure,VER,,1586
le style,style,NOM,m,1587
particulier,particulier,ADJ,,1588
soudain,soudain,ADJ,,1589
précipiter,précipiter,VER,,1590
la cave,cave,ADJ,f,1591
le savoir,savoir,NOM,m,1592
la fatigue,fatigue,NOM,f,1593
rassembler,rassembler,VER,,1594
la prière,prière,NOM,f,1595
obscur,obscur,ADJ,,1596
une opinion,opinion,NOM,f,1597
réduire,réduire,VER,,1598
habituer,habituer,VER,,1599
marre,marre,ADV,,1600
le prisonnier,prisonnier,ADJ,m,1601
une explication,explication,NOM,f,1602
la marque,marque,NOM,f,1603
le pot,pot,NOM,m,1604
résoudre,résoudre,VER,,1605
une assiette,assiette,NOM,f,1606
exploser,exploser,VER,,1607
fermé,fermé,VER,,1608
rattraper,rattraper,VER,,1609
utile,utile,ADJ,,1610
la tendresse,tendresse,NOM,f,1611
énerver,énerver,VER,,1612
louer,louer,VER,,1613
la silhouette,silhouette,NOM,f,1614
égal,égal,ADJ,,1615
le territoire,territoire,NOM,m,1616
le paysage,paysage,NOM,m,1617
la vision,vision,NOM,f,1618
parcourir,parcourir,VER,,1619
superbe,superbe,ADJ,,1620
le sou,sou,NOM,m,1621
le banc,banc,NOM,m,1622
la souffrance,souffrance,NOM,f,1623
la date,date,NOM,f,1624
la botte,botte,NOM,f,1625
aveugle,aveugle,ADJ,,1626
britannique,britannique,ADJ,,1627
le bouton,bouton,NOM,m,1628
vain,vain,ADJ,,1629
le parc,parc,NOM,m,1630
désigner,désigner,VER,,1631
flotter,flotter,VER,,1632
un étudiant,étudiant,ADJ,m,1633
le tueur,tueur,NOM,m,1634
violent,violent,NOM,,1635
le chasseur,chasseur,NOM,m,1636
une allure,allure,NOM,f,1637
la rivière,rivière,NOM,f,1638
plat,plat,ADJ,,1639
éternel,éternel,ADJ,,1640
le charme,charme,NOM,m,1641
sourd,sourd,ADJ,,1642
agréable,agréable,ADJ,,1643
une imagination,imagination,NOM,f,1644
une urgence,urgence,NOM,f,1645
la série,série,NOM,f,1646
le cercle,cercle,NOM,m,1647
le super,super,ADJ,m,1648
la nourriture,nourriture,NOM,f,1649
vague,vague,ADJ,,1650
un infirmier,infirmier,ADJ,m,1651
le disque,disque,NOM,m,1652
noter,noter,VER,,1653
bouffer,bouffer,VER,,1654
un Russe,Russe,ADJ,m,1655
un assassin,assassin,ADJ,m,1656
le choc,choc,ADJ,m,1657
principal,principal,ADJ,,1658
le programme,programme,NOM,m,1659
la tâche,tâche,NOM,f,1660
le cimetière,cimetière,NOM,m,1661
la boutique,boutique,NOM,f,1662
la matière,matière,NOM,f,1663
maigre,maigre,ADJ,,1664
le vrai,vrai,ADJ,m,1665
la plume,plume,NOM,f,1666
un ouvrier,ouvrier,ADJ,m,1667
soupirer,soupirer,VER,,1668
la coupe,coupe,NOM,f,1669
un horizon,horizon,NOM,m,1670
envahir,envahir,VER,,1671
la frontière,frontière,NOM,f,1672
guérir,guérir,VER,,1673
une secrétaire,secrétaire,NOM,f,1674
un examen,examen,NOM,m,1675
une origine,origine,NOM,f,1676
le loup,loup,NOM,m,1677
un égard,égard,NOM,m,1678
la barbe,barbe,NOM,f,1679
au-delà,au-delà,ADV,,1680
un fiancé,fiancé,VER,m,1681
une allée,allée,VER,f,1682
la menace,menace,NOM,f,1683
affreux,affreux,ADJ,,1684
coupable,coupable,ADJ,,1685
la blessure,blessure,NOM,f,1686
le lien,lien,NOM,m,1687
lutter,lutter,VER,,1688
la charge,charge,NOM,f,1689
le changement,changement,NOM,m,1690
un imbécile,imbécile,ADJ,m,1691
la perte,perte,NOM,f,1692
le principe,principe,NOM,m,1693
cracher,cracher,VER,,1694
hausser,hausser,VER,,1695
la manche,manche,NOM,f,1696
participer,participer,VER,,1697
un écrivain,écrivain,NOM,m,1698
le match,match,NOM,m,1699
le meuble,meuble,ADJ,m,1700
la promenade,promenade,NOM,f,1701
redresser,redresser,VER,,1702
complet,complet,ADJ,,1703
mystérieux,mystérieux,ADJ,,1704
voyager,voyager,VER,,1705
contempler,contempler,VER,,1706
le vers,vers,NOM,m,1707
une énergie,énergie,NOM,f,1708
la carrière,carrière,NOM,f,1709
la réserve,réserve,NOM,f,1710
apparemment,apparemment,ADV,,1711
éveiller,éveiller,VER,,1712
la drogue,drogue,NOM,f,1713
ordonner,ordonner,VER,,1714
supérieur,supérieur,ADJ,,1715
la promesse,promesse,NOM,f,1716
tantôt,tantôt,ADV,,1717
quelquefois,quelquefois,ADV,,1718
raser,raser,VER,,1719
grimper,grimper,NOM,,1720
le navire,navire,NOM,m,1721
foncer,foncer,VER,,1722
venu,venu,VER,,1723
la sueur,sueur,NOM,f,1724
la nation,nation,NOM,f,1725
demain,demain,ADJ,,1726
la mise,mise,VER,f,1727
fameux,fameux,ADJ,,1728
le lapin,lapin,NOM,m,1729
le plateau,plateau,NOM,m,1730
un patient,patient,ADJ,m,1731
figurer,figurer,VER,,1732
inspirer,inspirer,VER,,1733
légèrement,légèrement,ADV,,1734
la mouche,mouche,NOM,f,1735
vêtir,vêtir,VER,,1736
le péché,péché,NOM,m,1737
déjeuner,déjeuner,NOM,,1738
le canon,canon,ADJ,m,1739
la révolution,révolution,NOM,f,1740
une centaine,centaine,NOM,f,1741
un collègue,collègue,NOM,m,1742
rejeter,rejeter,VER,,1743
un angle,angle,NOM,m,1744
bien,bien,ADJ,,1745
une lueur,lueur,NOM,f,1746
censé,censé,ADJ,,1747
ferme,ferme,ADJ,,1748
la lecture,lecture,NOM,f,1749
la soupe,soupe,NOM,f,1750
réclamer,réclamer,VER,,1751
sage,sage,ADJ,,1752
conserver,conserver,VER,,1753
mai,mai,NOM,,1754
extraordinaire,extraordinaire,ADJ,,1755
régner,régner,VER,,1756
dingue,dingue,ADJ,,1757
un propriétaire,propriétaire,NOM,m,1758
confondre,confondre,VER,,1759
furieux,furieux,ADJ,,1760
le procès,procès,NOM,m,1761
la résistance,résistance,NOM,f,1762
une épreuve,épreuve,NOM,f,1763
retomber,retomber,VER,,1764
le désert,désert,ADJ,m,1765
étaler,étaler,VER,,1766
minuscule,minuscule,ADJ,,1767
la grille,grille,NOM,f,1768
détourner,détourner,VER,,1769
la clef,clef,NOM,f,1770
la passe,passe,NOM,f,1771
jaloux,jaloux,ADJ,,1773
le voile,voile,NOM,m,1774
le sorcier,sorcier,ADJ,m,1775
le coffre,coffre,NOM,m,1776
fâcher,fâcher,VER,,1777
invisible,invisible,ADJ,,1778
la poule,poule,NOM,f,1779
décrire,décrire,VER,,1780
avertir,avertir,VER,,1781
un fleuve,fleuve,NOM,m,1782
bel,bel,ADJ,,1783
la boue,boue,NOM,f,1784
la curiosité,curiosité,NOM,f,1785
le minuit,minuit,NOM,m,1786
un invité,invité,VER,m,1787
une faveur,faveur,NOM,f,1788
le contrat,contrat,NOM,m,1789
la paupière,paupière,NOM,f,1790
inscrire,inscrire,VER,,1791
gâcher,gâcher,VER,,1792
constater,constater,VER,,1793
détendre,détendre,VER,,1794
rechercher,rechercher,VER,,1795
le chant,chant,NOM,m,1796
baigner,baigner,VER,,1797
le masque,masque,NOM,m,1798
responsable,responsable,ADJ,,1799
le domaine,domaine,NOM,m,1800
le commandement,commandement,NOM,m,1801
bénir,bénir,VER,,1802
la bêtise,bêtise,NOM,f,1803
la fièvre,fièvre,NOM,f,1804
le curé,curé,VER,m,1805
une période,période,NOM,f,1806
se débrouiller,débrouiller,VER,,1807
fatigué,fatigué,VER,,1808
juif,juif,ADJ,,1809
la soif,soif,NOM,f,1810
pis,pis,ADJ,,1811
la crainte,crainte,VER,f,1812
le col,col,NOM,m,1813
incapable,incapable,ADJ,,1814
conseiller,conseiller,NOM,,1815
un allié,allié,VER,m,1816
mesurer,mesurer,VER,,1817
effrayer,effrayer,VER,,1818
fonctionner,fonctionner,VER,,1819
un vieillard,vieillard,NOM,m,1820
essuyer,essuyer,VER,,1821
cool,cool,ADJ,,1822
priver,priver,VER,,1823
sexuel,sexuel,ADJ,,1824
une entreprise,entreprise,VER,f,1825
une plaque,plaque,NOM,f,1826
le poulet,poulet,NOM,m,1827
le menton,menton,NOM,m,1828
une illusion,illusion,NOM,f,1829
la chute,chute,NOM,f,1830
le rythme,rythme,NOM,m,1831
une prise,prise,VER,f,1832
le code,code,NOM,m,1833
dominer,dominer,VER,,1834
total,total,ADJ,,1835
la responsabilité,responsabilité,NOM,f,1836
évident,évident,VER,,1837
une apparence,apparence,NOM,f,1838
le récit,récit,NOM,m,1839
le boulevard,boulevard,NOM,m,1840
la majesté,majesté,NOM,f,1841
la misère,misère,NOM,f,1842
saint,saint,ADJ,,1843
le gros,gros,ADJ,m,1844
brave,brave,ADJ,,1845
le chocolat,chocolat,ADJ,m,1846
noyer,noyer,NOM,,1847
directement,directement,ADV,,1848
un ongle,ongle,NOM,m,1849
appliquer,appliquer,VER,,1850
employer,employer,VER,,1851
le chagrin,chagrin,ADJ,m,1852
sensible,sensible,ADJ,,1853
un journaliste,journaliste,NOM,m,1854
viser,viser,VER,,1855
la difficulté,difficulté,NOM,f,1856
pisser,pisser,VER,,1857
la race,race,NOM,f,1858
un auteur,auteur,NOM,m,1859
célèbre,célèbre,ADJ,,1860
un échange,échange,NOM,m,1861
les félicitations,félicitations,NOM,,1862
la lutte,lutte,NOM,f,1863
démarrer,démarrer,VER,,1864
le gaz,gaz,NOM,m,1865
le sommet,sommet,NOM,m,1866
cruel,cruel,ADJ,,1867
le sucre,sucre,NOM,m,1868
répandre,répandre,VER,,1869
juin,juin,NOM,,1870
un inconnu,inconnu,ADJ,m,1871
reprocher,reprocher,VER,,1872
plier,plier,VER,,1873
humide,humide,ADJ,,1874
solide,solide,ADJ,,1875
le bâtiment,bâtiment,NOM,m,1876
le coude,coude,NOM,m,1877
le linge,linge,NOM,m,1878
la roue,roue,NOM,f,1879
la patience,patience,NOM,f,1880
opposer,opposer,VER,,1881
une sensation,sensation,NOM,f,1882
gonfler,gonfler,VER,,1883
la science,science,NOM,f,1884
voisin,voisin,ADJ,,1885
la hâte,hâte,NOM,f,1886
le vélo,vélo,NOM,m,1887
un empereur,empereur,NOM,m,1888
le lac,lac,NOM,m,1889
pointer,pointer,NOM,,1890
facilement,facilement,ADV,,1891
le gardien,gardien,ADJ,m,1892
jadis,jadis,ADJ,,1893
précieux,précieux,ADJ,,1894
intérieur,intérieur,ADJ,,1895
une obscurité,obscurité,NOM,f,1896
le texte,texte,NOM,m,1897
le cauchemar,cauchemar,NOM,m,1898
renverser,renverser,VER,,1899
le faîte,faîte,NOM,m,1900
là-dessus,là-dessus,ADV,,1901
constituer,constituer,VER,,1902
droit,droit,ADJ,,1903
la fuite,fuite,NOM,f,1904
franchement,franchement,ADV,,1905
le piège,piège,NOM,m,1906
gras,gras,ADJ,,1907
satisfaire,satisfaire,VER,,1908
une assurance,assurance,NOM,f,1909
enchanté,enchanté,VER,,1910
transporter,transporter,VER,,1911
tarder,tarder,VER,,1912
exécuter,exécuter,VER,,1913
le signal,signal,NOM,m,1914
une essence,essence,NOM,f,1915
frotter,frotter,VER,,1916
se méfier,méfier,VER,,1917
emprunter,emprunter,VER,,1918
une caméra,caméra,NOM,f,1919
une créature,créature,NOM,f,1920
innocent,innocent,ADJ,,1921
un usage,usage,NOM,m,1922
italien,italien,ADJ,,1923
une activité,activité,NOM,f,1924
le ménage,ménage,NOM,m,1925
le champagne,champagne,ADJ,m,1926
la jupe,jupe,NOM,f,1927
une statue,statue,NOM,f,1928
août,août,NOM,,1929
venger,venger,VER,,1930
longuement,longuement,ADV,,1931
la tristesse,tristesse,NOM,f,1932
un peintre,peintre,NOM,m,1933
un atelier,atelier,NOM,m,1934
la colonne,colonne,NOM,f,1935
le manque,manque,NOM,m,1936
la soie,soie,NOM,f,1937
punir,punir,VER,,1938
semblable,semblable,ADJ,,1939
un concert,concert,NOM,m,1940
gai,gai,ADJ,,1941
bloquer,bloquer,VER,,1942
malin,malin,ADJ,,1943
composer,composer,VER,,1944
se disputer,disputer,VER,,1945
le lundi,lundi,NOM,m,1946
confirmer,confirmer,VER,,1947
la rage,rage,NOM,f,1948
cogner,cogner,VER,,1949
le paradis,paradis,NOM,m,1950
jouir,jouir,VER,,1951
fragile,fragile,ADJ,,1952
le bus,bus,VER,m,1953
le marchand,marchand,ADJ,m,1954
sérieusement,sérieusement,ADV,,1955
repasser,repasser,VER,,1956
bref,bref,ADJ,,1957
enceinte,enceinte,ADJ,,1958
le gant,gant,NOM,m,1959
une auto,auto,NOM,f,1960
le modèle,modèle,VER,m,1961
le test,test,NOM,m,1962
le talon,talon,NOM,m,1963
le carton,carton,NOM,m,1964
une huile,huile,NOM,f,1965
la serviette,serviette,NOM,f,1966
le plafond,plafond,NOM,m,1967
la bibliothèque,bibliothèque,NOM,f,1968
exposer,exposer,VER,,1969
désert,désert,ADJ,,1970
le nerf,nerf,NOM,m,1971
un automne,automne,NOM,m,1972
digne,digne,ADJ,,1973
le chiffre,chiffre,NOM,m,1974
s'efforcer,efforcer,VER,,1975
noble,noble,ADJ,,1976
le mille,mille,ADJ:num,m,1977
fidèle,fidèle,ADJ,,1978
les frais,frais,ADJ,,1979
le séjour,séjour,NOM,m,1980
un emploi,emploi,NOM,m,1982
la cage,cage,NOM,f,1983
un accent,accent,NOM,m,1984
une organisation,organisation,NOM,f,1985
la rumeur,rumeur,NOM,f,1986
la disposition,disposition,NOM,f,1987
divers,divers,ADJ,,1988
débarquer,débarquer,VER,,1989
volontiers,volontiers,ADV,,1990
muet,muet,ADJ,,1991
la douche,douche,NOM,f,1992
sécher,sécher,VER,,1993
la fonction,fonction,NOM,f,1994
un foyer,foyer,ADJ,m,1995
un esclave,esclave,ADJ,m,1996
la religion,religion,NOM,f,1997
entretenir,entretenir,VER,,1998
une poignée,poignée,NOM,f,1999
dissimuler,dissimuler,VER,,2000
septembre,septembre,NOM,,2001
délicat,délicat,ADJ,,2002
futur,futur,ADJ,,2003
juillet,juillet,NOM,,2004
guetter,guetter,VER,,2005
le métro,métro,NOM,m,2006
regagner,regagner,VER,,2007
embarquer,embarquer,VER,,2009
familier,familier,ADJ,,2010
le régime,régime,NOM,m,2011
informer,informer,VER,,2012
le métal,métal,NOM,m,2013
barrer,barrer,VER,,2014
estimer,estimer,VER,,2015
la pression,pression,NOM,f,2016
une identité,identité,NOM,f,2017
ôter,ôter,VER,,2018
le week-end,week-end,NOM,m,2019
exercer,exercer,VER,,2020
in,in,ADJ,,2021
un instrument,instrument,NOM,m,2022
la nuque,nuque,NOM,f,2023
s'envoler,envoler,VER,,2024
violer,violer,VER,,2025
le poète,poète,NOM,m,2026
user,user,VER,,2027
épuiser,épuiser,VER,,2028
concentrer,concentrer,VER,,2029
le cabinet,cabinet,NOM,m,2030
craquer,craquer,VER,,2031
repérer,repérer,VER,,2032
privé,privé,VER,,2033
la génération,génération,NOM,f,2034
mouiller,mouiller,VER,,2035
le poème,poème,NOM,m,2036
armer,armer,VER,,2037
la bagnole,bagnole,NOM,f,2038
la pompe,pompe,NOM,f,2039
le singe,singe,NOM,m,2040
un échec,échec,NOM,m,2041
le prof,prof,NOM,m,2042
prudent,prudent,ADJ,,2043
une épée,épée,NOM,f,2044
le tabac,tabac,NOM,m,2045
délicieux,délicieux,ADJ,,2046
la moustache,moustache,NOM,f,2047
doré,doré,VER,,2048
percer,percer,VER,,2049
la ceinture,ceinture,NOM,f,2050
intervenir,intervenir,VER,,2051
le semblant,semblant,NOM,m,2052
une empreinte,empreinte,NOM,f,2053
les ordures,ordures,NOM,,2054
extrême,extrême,ADJ,,2055
préciser,préciser,VER,,2056
demi,demi,ADJ,,2057
le désespoir,désespoir,NOM,m,2058
identifier,identifier,VER,,2059
le gendarme,gendarme,NOM,m,2060
incliner,incliner,VER,,2061
dévorer,dévorer,VER,,2062
le drapeau,drapeau,NOM,m,2063
la ruine,ruine,NOM,f,2064
unir,unir,VER,,2065
le reflet,reflet,NOM,m,2066
entièrement,entièrement,ADV,,2067
la réaction,réaction,NOM,f,2068
la discussion,discussion,NOM,f,2069
le flingue,flingue,NOM,m,2070
le prétexte,prétexte,NOM,m,2071
le volant,volant,ADJ,m,2072
le filet,filet,NOM,m,2073
un employé,employé,VER,m,2074
la plante,plante,NOM,f,2075
le défaut,défaut,NOM,m,2076
une inquiétude,inquiétude,NOM,f,2077
un avantage,avantage,NOM,m,2078
saigner,saigner,VER,,2079
réagir,réagir,VER,,2080
la division,division,NOM,f,2081
bas,bas,ADJ,,2082
pressé,pressé,VER,,2083
le rocher,rocher,NOM,m,2084
vaguement,vaguement,ADV,,2085
consacrer,consacrer,VER,,2086
malheureusement,malheureusement,ADV,,2087
le connard,connard,ADJ,m,2088
persuader,persuader,VER,,2089
la possibilité,possibilité,NOM,f,2090
une avenue,avenue,ADJ,f,2091
le cadre,cadre,NOM,m,2092
le prénom,prénom,NOM,m,2093
la monnaie,monnaie,NOM,f,2094
enfiler,enfiler,VER,,2095
le flot,flot,NOM,m,2096
la vertu,vertu,NOM,f,2097
électrique,électrique,ADJ,,2098
emplir,emplir,VER,,2099
un blond,blond,ADJ,m,2100
le bloc,bloc,NOM,m,2101
imiter,imiter,VER,,2102
nager,nager,VER,,2103
moderne,moderne,ADJ,,2104
le tribunal,tribunal,NOM,m,2105
la tasse,tasse,NOM,f,2106
le revolver,revolver,NOM,m,2107
le désordre,désordre,NOM,m,2108
le placard,placard,NOM,m,2109
une dizaine,dizaine,NOM,f,2110
le bal,bal,NOM,m,2111
le policier,policier,ADJ,m,2112
auparavant,auparavant,ADV,,2113
élevé,élevé,VER,,2114
le whisky,whisky,NOM,m,2115
une université,université,NOM,f,2116
habituel,habituel,ADJ,,2117
le concours,concours,VER,m,2118
une intelligence,intelligence,NOM,f,2119
un ouest,ouest,ADJ,m,2120
le porc,porc,NOM,m,2121
fondre,fondre,VER,,2122
redevenir,redevenir,VER,,2123
la culotte,culotte,NOM,f,2124
la revanche,revanche,NOM,f,2125
signaler,signaler,VER,,2126
décrocher,décrocher,VER,,2127
la cheminée,cheminée,VER,f,2128
central,central,ADJ,,2129
le seuil,seuil,NOM,m,2130
une armoire,armoire,NOM,f,2131
la séance,séance,NOM,f,2132
pourvoir,pourvoir,VER,,2133
le dehors,dehors,ADV,m,2134
la poupée,poupée,NOM,f,2135
la gaffe,gaffe,NOM,f,2136
la veine,veine,NOM,f,2137
un habit,habit,NOM,m,2138
comporter,comporter,VER,,2139
un ancien,ancien,ADJ,m,2140
soumettre,soumettre,VER,,2141
la cabine,cabine,NOM,f,2142
le sel,sel,NOM,m,2143
enseigner,enseigner,VER,,2144
publier,publier,VER,,2145
puer,puer,VER,,2147
décevoir,décevoir,VER,,2148
la planche,planche,NOM,f,2149
le drame,drame,NOM,m,2150
la pêche,pêche,ADJ,f,2151
une cérémonie,cérémonie,NOM,f,2152
maudit,maudit,VER,,2153
consulter,consulter,VER,,2154
douloureux,douloureux,ADJ,,2155
le sous-titrage,sous-titrage,NOM,m,2156
entreprendre,entreprendre,VER,,2157
exciter,exciter,VER,,2158
absurde,absurde,ADJ,,2159
voiler,voiler,VER,,2160
un estomac,estomac,NOM,m,2161
la tradition,tradition,NOM,f,2162
la pente,pente,NOM,f,2163
le luxe,luxe,NOM,m,2164
une merveille,merveille,NOM,f,2165
soupçonner,soupçonner,VER,,2166
une paire,paire,ADJ,f,2167
le médicament,médicament,NOM,m,2168
le ballon,ballon,NOM,m,2169
suggérer,suggérer,VER,,2170
la cloche,cloche,ADJ,f,2171
troubler,troubler,VER,,2172
officiel,officiel,ADJ,,2173
le fromage,fromage,NOM,m,2174
raccrocher,raccrocher,VER,,2175
la conséquence,conséquence,NOM,f,2176
opérer,opérer,VER,,2177
le pré,pré,NOM,m,2178
les bagages,bagages,NOM,,2179
la rive,rive,NOM,f,2180
un aspect,aspect,NOM,m,2181
le langage,langage,NOM,m,2182
la messe,messe,NOM,f,2183
le décor,décor,NOM,m,2184
la station,station,NOM,f,2185
le lion,lion,NOM,m,2186
la tenue,tenue,VER,f,2187
le regret,regret,NOM,m,2188
piger,piger,VER,,2189
la pile,pile,NOM,f,2190
le pistolet,pistolet,NOM,m,2191
un océan,océan,NOM,m,2192
profondément,profondément,ADV,,2193
vaincre,vaincre,VER,,2194
le piano,piano,ADV,m,2195
le sourcil,sourcil,NOM,m,2196
buter,buter,VER,,2197
la paille,paille,ADJ,f,2198
une approche,approche,NOM,f,2199
la libération,libération,NOM,f,2200
la poudre,poudre,NOM,f,2201
forcément,forcément,ADV,,2202
la grange,grange,NOM,f,2203
un accès,accès,NOM,m,2204
le canard,canard,NOM,m,2205
suspendre,suspendre,VER,,2206
le serpent,serpent,NOM,m,2207
serré,serré,VER,,2208
siffler,siffler,VER,,2209
le portier,portier,NOM,m,2210
une nana,nana,NOM,f,2211
le marié,marié,VER,m,2212
le sérieux,sérieux,ADJ,m,2213
affronter,affronter,VER,,2214
le mets,mets,NOM,m,2215
luire,luire,VER,,2216
fêter,fêter,VER,,2217
une couche,couche,NOM,f,2218
tracer,tracer,VER,,2219
le poignet,poignet,NOM,m,2220
nouvel,nouvel,ADJ,,2221
magique,magique,ADJ,,2222
le produit,produit,VER,m,2223
le creux,creux,ADJ,m,2224
vieillir,vieillir,VER,,2225
une bague,bague,NOM,f,2226
aimable,aimable,ADJ,,2227
le cochon,cochon,ADJ,m,2228
une instruction,instruction,NOM,f,2229
physique,physique,ADJ,,2230
un écho,écho,NOM,m,2231
un orage,orage,NOM,m,2232
la patrie,patrie,NOM,f,2233
tard,tard,ADV,,2234
le flanc,flanc,NOM,m,2235
épargner,épargner,VER,,2236
le sud,sud,ADJ,m,2237
une liaison,liaison,NOM,f,2238
un blessé,blessé,VER,m,2240
un instinct,instinct,NOM,m,2241
la certitude,certitude,NOM,f,2242
le chevalier,chevalier,NOM,m,2243
s'emparer,emparer,VER,,2244
la cravate,cravate,NOM,f,2245
c'est-à-dire,c'est-à-dire,ADV,,2246
royal,royal,ADJ,,2247
comparer,comparer,VER,,2248
la comédie,comédie,NOM,f,2249
le chou,chou,NOM,m,2250
une explosion,explosion,NOM,f,2251
raisonnable,raisonnable,ADJ,,2252
le tiroir,tiroir,NOM,m,2253
envelopper,envelopper,VER,,2254
glacé,glacé,VER,,2255
la barque,barque,NOM,f,2256
le chapitre,chapitre,NOM,m,2257
absolu,absolu,ADJ,,2258
justifier,justifier,VER,,2259
chauffer,chauffer,VER,,2260
le vendredi,vendredi,NOM,m,2261
le voyageur,voyageur,ADJ,m,2262
divin,divin,ADJ,,2263
le matériel,matériel,ADJ,m,2264
approuver,approuver,VER,,2265
las,las,ADJ,,2266
particulièrement,particulièrement,ADV,,2267
une évidence,évidence,NOM,f,2268
un Italien,Italien,ADJ,m,2269
la façade,façade,NOM,f,2270
la lame,lame,NOM,f,2271
le stop,stop,NOM,m,2272
échouer,échouer,VER,,2273
un ascenseur,ascenseur,NOM,m,2274
vierge,vierge,ADJ,,2275
assis,assis,VER,,2276
autoriser,autoriser,VER,,2277
la culture,culture,NOM,f,2278
le veuf,veuf,ADJ,m,2279
rougir,rougir,VER,,2280
le zéro,zéro,NOM,m,2281
le pouce,pouce,NOM,m,2282
la tempête,tempête,NOM,f,2283
guider,guider,VER,,2284
le sergent,sergent,NOM,m,2285
un adulte,adulte,ADJ,m,2286
le tir,tir,NOM,m,2287
le balcon,balcon,NOM,m,2288
moral,moral,ADJ,,2289
tailler,tailler,VER,,2290
le sport,sport,NOM,m,2291
dérouler,dérouler,VER,,2292
augmenter,augmenter,VER,,2293
coiffer,coiffer,VER,,2294
déconner,déconner,VER,,2295
totalement,totalement,ADV,,2296
la télévision,télévision,NOM,f,2297
le jugement,jugement,NOM,m,2298
soulager,soulager,VER,,2299
fixe,fixe,ADJ,,2300
fonder,fonder,VER,,2301
populaire,populaire,ADJ,,2302
tordre,tordre,VER,,2303
gratter,gratter,VER,,2304
la conviction,conviction,NOM,f,2305
âgé,âgé,ADJ,,2306
une atmosphère,atmosphère,NOM,f,2307
un rond,rond,ADJ,m,2308
intime,intime,ADJ,,2309
un élan,élan,NOM,m,2310
un équilibre,équilibre,NOM,m,2311
le marbre,marbre,NOM,m,2312
le tissu,tissu,ADJ,m,2313
la villa,villa,NOM,f,2314
la permission,permission,NOM,f,2315
exprès,exprès,ADJ,,2316
un incident,incident,ADJ,m,2317
le grain,grain,NOM,m,2318
une couille,couille,NOM,f,2319
le télégramme,télégramme,NOM,m,2320
le comptoir,comptoir,NOM,m,2321
parer,parer,VER,,2322
le muscle,muscle,NOM,m,2323
le champion,champion,NOM,m,2324
la commande,commande,NOM,f,2325
s'écrouler,écrouler,VER,,2326
un exercice,exercice,NOM,m,2327
une écriture,écriture,NOM,f,2328
foutu,foutu,VER,,2329
témoigner,témoigner,VER,,2330
le dépit,dépit,NOM,m,2331
un extérieur,extérieur,ADJ,m,2332
le studio,studio,NOM,m,2333
le vœu,vœu,,m,2334
étonnant,étonnant,ADJ,,2335
une demi-heure,demi-heure,NOM,f,2336
une éternité,éternité,NOM,f,2337
le carreau,carreau,NOM,m,2338
féminin,féminin,ADJ,,2339
fréquenter,fréquenter,VER,,2340
la méthode,méthode,NOM,f,2341
traduire,traduire,VER,,2342
régulier,régulier,ADJ,,2343
balayer,balayer,VER,,2344
le jeudi,jeudi,NOM,m,2345
embêter,embêter,VER,,2346
le commerce,commerce,NOM,m,2347
exagérer,exagérer,VER,,2348
transmettre,transmettre,VER,,2349
bourrer,bourrer,VER,,2350
une photographie,photographie,NOM,f,2351
vomir,vomir,VER,,2352
une vierge,vierge,ADJ,f,2353
le garage,garage,NOM,m,2354
la population,population,NOM,f,2355
le degré,degré,NOM,m,2356
impressionner,impressionner,VER,,2357
un écart,écart,NOM,m,2358
une pipe,pipe,NOM,f,2359
la vallée,vallée,NOM,f,2360
une union,union,NOM,f,2361
déshabiller,déshabiller,VER,,2362
la star,star,NOM,f,2363
le sacrifice,sacrifice,NOM,m,2364
s'écrier,écrier,VER,,2365
prisonnier,prisonnier,ADJ,,2366
le musée,musée,VER,m,2367
se soucier,soucier,VER,,2368
le baron,baron,NOM,m,2369
envisager,envisager,VER,,2370
jaillir,jaillir,VER,,2371
civil,civil,ADJ,,2372
la miss,miss,NOM,f,2373
le panier,panier,NOM,m,2374
impliquer,impliquer,VER,,2375
heurter,heurter,VER,,2376
le danseur,danseur,NOM,m,2377
la boucle,boucle,NOM,f,2378
protester,protester,VER,,2379
se marrer,marrer,VER,,2380
discret,discret,ADJ,,2381
le blé,blé,NOM,m,2382
dénoncer,dénoncer,VER,,2383
le caillou,caillou,NOM,m,2384
la satisfaction,satisfaction,NOM,f,2385
direct,direct,ADJ,,2386
tiède,tiède,ADJ,,2387
un enterrement,enterrement,NOM,m,2388
une aiguille,aiguille,NOM,f,2389
ordinaire,ordinaire,ADJ,,2390
urgent,urgent,VER,,2391
familial,familial,ADJ,,2392
le crédit,crédit,NOM,m,2393
le royaume,royaume,NOM,m,2394
le courrier,courrier,NOM,m,2395
nier,nier,VER,,2396
la file,file,NOM,f,2397
percevoir,percevoir,VER,,2398
le bâton,bâton,NOM,m,2399
un acier,acier,NOM,m,2401
manifester,manifester,VER,,2402
la casquette,casquette,NOM,f,2403
un humain,humain,ADJ,m,2404
le joueur,joueur,ADJ,m,2405
situer,situer,VER,,2406
avant,avant,ADJ,,2407
confus,confus,ADJ,,2408
le progrès,progrès,NOM,m,2409
amusant,amusant,ADJ,,2410
la bougie,bougie,NOM,f,2411
la barre,barre,NOM,f,2412
un assistant,assistant,NOM,m,2413
le visiteur,visiteur,NOM,m,2414
boucler,boucler,VER,,2415
marrant,marrant,ADJ,,2416
octobre,octobre,NOM,,2417
tremper,tremper,VER,,2418
le rein,rein,NOM,m,2419
compliqué,compliqué,VER,,2420
péter,péter,VER,,2421
le shérif,shérif,NOM,m,2422
la galerie,galerie,NOM,f,2423
la légende,légende,NOM,f,2424
enregistrer,enregistrer,VER,,2425
un appétit,appétit,NOM,m,2426
une éducation,éducation,NOM,f,2427
le motif,motif,NOM,m,2428
la théorie,théorie,NOM,f,2429
la brume,brume,NOM,f,2430
une humanité,humanité,NOM,f,2431
armé,armé,VER,,2432
le dessous,dessous,ADV,m,2433
précisément,précisément,ADV,,2434
consoler,consoler,VER,,2435
annuler,annuler,VER,,2436
quotidien,quotidien,ADJ,,2437
un ambassadeur,ambassadeur,NOM,m,2438
destiner,destiner,VER,,2439
le volet,volet,NOM,m,2440
le pli,pli,NOM,m,2441
la dignité,dignité,NOM,f,2442
déborder,déborder,VER,,2443
le marin,marin,ADJ,m,2444
le tuyau,tuyau,NOM,m,2445
précéder,précéder,VER,,2446
tendu,tendu,VER,,2447
la portée,portée,VER,f,2448
raide,raide,ADJ,,2449
généreux,généreux,ADJ,,2450
le réveil,réveil,NOM,m,2451
un écran,écran,NOM,m,2452
la formule,formule,NOM,f,2453
ressortir,ressortir,VER,,2454
émouvoir,émouvoir,VER,,2455
le secteur,secteur,NOM,m,2456
lumineux,lumineux,ADJ,,2457
un individu,individu,NOM,m,2458
brûlant,brûlant,ADJ,,2459
le kilo,kilo,NOM,m,2460
un entretien,entretien,NOM,m,2462
réjouir,réjouir,VER,,2463
la catastrophe,catastrophe,NOM,f,2464
concevoir,concevoir,VER,,2465
la matinée,matinée,ADJ,f,2466
le moine,moine,NOM,m,2467
la vente,vente,NOM,f,2468
uniquement,uniquement,ADV,,2469
dépenser,dépenser,VER,,2470
le jouet,jouet,NOM,m,2471
moche,moche,ADJ,,2472
chinois,chinois,ADJ,,2473
le bouquet,bouquet,NOM,m,2474
mouillé,mouillé,VER,,2475
le pilote,pilote,ADJ,m,2476
fini,fini,ADJ,,2477
la faiblesse,faiblesse,NOM,f,2478
la précaution,précaution,NOM,f,2479
un Arabe,Arabe,ADJ,m,2480
le suicide,suicide,NOM,m,2481
un éclair,éclair,ADJ,m,2482
le voyou,voyou,NOM,m,2483
le troisième,troisième,ADJ,m,2484
assassiner,assassiner,VER,,2485
un habitant,habitant,NOM,m,2486
le mouchoir,mouchoir,NOM,m,2487
une offre,offre,NOM,f,2488
le brouillard,brouillard,ADJ,m,2489
gémir,gémir,VER,,2490
une enveloppe,enveloppe,NOM,f,2491
la salade,salade,NOM,f,2492
la cendre,cendre,NOM,f,2493
ivre,ivre,ADJ,,2495
la conduite,conduite,VER,f,2496
espagnol,espagnol,ADJ,,2497
la profondeur,profondeur,NOM,f,2498
roux,roux,ADJ,,2499
sacrifier,sacrifier,VER,,2500
une échelle,échelle,NOM,f,2501
aborder,aborder,VER,,2502
endormi,endormi,ADJ,,2503
le mouton,mouton,NOM,m,2504
rarement,rarement,ADV,,2505
un impossible,impossible,ADJ,m,2506
délivrer,délivrer,VER,,2507
communiquer,communiquer,VER,,2508
le vert,vert,ADJ,m,2509
le soulier,soulier,NOM,m,2510
découper,découper,VER,,2511
le jus,jus,NOM,m,2512
la littérature,littérature,NOM,f,2513
laid,laid,ADJ,,2514
la vengeance,vengeance,NOM,f,2515
sain,sain,ADJ,,2516
le large,large,ADJ,m,2517
le vivant,vivant,ADJ,m,2518
insulter,insulter,VER,,2519
la canne,canne,NOM,f,2520
la rigueur,rigueur,NOM,f,2521
garer,garer,VER,,2523
brutal,brutal,ADJ,,2524
redouter,redouter,VER,,2525
le cavalier,cavalier,ADJ,m,2526
franc,franc,ADJ,,2527
la brique,brique,ADJ,f,2528
arrière,arrière,ADJ,,2529
la crème,crème,ADJ,f,2530
un outil,outil,NOM,m,2531
le carnet,carnet,NOM,m,2532
adopter,adopter,VER,,2533
un orgueil,orgueil,NOM,m,2534
une ouverture,ouverture,NOM,f,2535
la communication,communication,NOM,f,2536
le scandale,scandale,NOM,m,2537
cassé,cassé,VER,,2538
réellement,réellement,ADV,,2539
une cabane,cabane,NOM,f,2540
loger,loger,VER,,2541
pourrir,pourrir,VER,,2542
renseigner,renseigner,VER,,2543
la saloperie,saloperie,NOM,f,2544
absent,absent,ADJ,,2545
envier,envier,VER,,2546
le casque,casque,NOM,m,2547
citer,citer,VER,,2548
le canal,canal,NOM,m,2549
défaire,défaire,VER,,2550
le maréchal,maréchal,NOM,m,2551
la souris,souris,VER,f,2552
une réflexion,réflexion,NOM,f,2553
la moto,moto,NOM,f,2554
la racine,racine,NOM,f,2555
le four,four,NOM,m,2556
la tournée,tournée,VER,f,2557
le citoyen,citoyen,NOM,m,2558
le cercueil,cercueil,NOM,m,2559
la cible,cible,NOM,f,2560
une affection,affection,NOM,f,2561
un assaut,assaut,NOM,m,2562
la poubelle,poubelle,NOM,f,2563
la plaisanterie,plaisanterie,NOM,f,2564
mortel,mortel,ADJ,,2565
le véhicule,véhicule,NOM,m,2567
un enfoiré,enfoiré,ADJ,m,2568
la perspective,perspective,ADJ,f,2569
continu,continu,ADJ,,2570
la revue,revue,VER,f,2571
la flotte,flotte,NOM,f,2572
paisible,paisible,ADJ,,2573
le mépris,mépris,VER,m,2574
connu,connu,VER,,2575
la réputation,réputation,NOM,f,2576
le traitement,traitement,NOM,m,2577
s'évanouir,évanouir,VER,,2578
le soupir,soupir,NOM,m,2579
intact,intact,ADJ,,2580
distraire,distraire,VER,,2581
la couronne,couronne,NOM,f,2582
un vase,vase,NOM,m,2583
professionnel,professionnel,ADJ,,2584
le criminel,criminel,ADJ,m,2585
un essai,essai,NOM,m,2586
une alliance,alliance,NOM,f,2588
le profil,profil,NOM,m,2589
la mémé,mémé,NOM,f,2590
étirer,étirer,VER,,2591
le partenaire,partenaire,NOM,m,2592
filmer,filmer,VER,,2593
apaiser,apaiser,VER,,2594
la fierté,fierté,NOM,f,2595
le diamant,diamant,NOM,m,2596
défiler,défiler,VER,,2597
la laine,laine,NOM,f,2598
la plaine,plaine,ADJ,f,2599
médical,médical,ADJ,,2600
le phare,phare,NOM,m,2601
la propriété,propriété,NOM,f,2602
la chapelle,chapelle,NOM,f,2603
un prêt,prêt,ADJ,m,2604
avril,avril,NOM,,2605
une émission,émission,NOM,f,2606
bâtir,bâtir,VER,,2607
le beurre,beurre,ADJ,m,2608
une proie,proie,NOM,f,2609
introduire,introduire,VER,,2610
bousculer,bousculer,VER,,2611
correspondre,correspondre,VER,,2612
un oreiller,oreiller,NOM,m,2613
un wagon,wagon,NOM,m,2614
un couvent,couvent,VER,m,2615
hocher la tête,hocher la tête,,,2616
le plomb,plomb,NOM,m,2617
nocturne,nocturne,ADJ,,2618
une tente,tente,NOM,f,2619
encourager,encourager,VER,,2620
un ouvrage,ouvrage,NOM,m,2621
un cirque,cirque,NOM,m,2622
un bol,bol,NOM,m,2623
interminable,interminable,ADJ,,2624
lâche,lâche,ADJ,,2625
la baraque,baraque,NOM,f,2626
déménager,déménager,VER,,2627
un enthousiasme,enthousiasme,NOM,m,2628
la province,province,NOM,f,2629
la reprise,reprise,VER,f,2630
mépriser,mépriser,VER,,2631
la collection,collection,NOM,f,2632
la proposition,proposition,NOM,f,2633
la section,section,NOM,f,2634
projeter,projeter,VER,,2635
les ténèbres,ténèbres,NOM,,2636
le transport,transport,NOM,m,2637
une assemblée,assemblée,VER,f,2638
un ours,ours,NOM,m,2639
le tronc,tronc,NOM,m,2640
la grève,grève,VER,f,2641
la protection,protection,NOM,f,2642
attentif,attentif,ADJ,,2643
le second,second,ADJ,m,2644
un congé,congé,NOM,m,2645
le conseiller,conseiller,NOM,m,2646
le sentier,sentier,NOM,m,2647
modeste,modeste,ADJ,,2648
le cuisinier,cuisinier,NOM,m,2649
un incendie,incendie,NOM,m,2650
la terreur,terreur,NOM,f,2651
la dalle,dalle,NOM,f,2652
déclencher,déclencher,VER,,2653
un aéroport,aéroport,NOM,m,2654
le crétin,crétin,ADJ,m,2655
le cigare,cigare,NOM,m,2656
cuire,cuire,VER,,2657
le rock,rock,NOM,m,2658
le maire,maire,NOM,m,2659
sincère,sincère,ADJ,,2660
amer,amer,ADJ,,2661
la découverte,découverte,ADJ,f,2662
le menteur,menteur,ADJ,m,2663
sacrer,sacrer,VER,,2664
le personnel,personnel,ADJ,m,2665
sucer,sucer,VER,,2666
la commission,commission,NOM,f,2667
une indifférence,indifférence,NOM,f,2668
le chèque,chèque,NOM,m,2669
la conférence,conférence,NOM,f,2670
marié,marié,VER,,2671
le renseignement,renseignement,NOM,m,2672
la panique,panique,NOM,f,2673
développer,développer,VER,,2674
le novembre,novembre,NOM,m,2675
la fureur,fureur,NOM,f,2676
la plainte,plainte,VER,f,2677
la taule,taule,NOM,f,2678
le cuivre,cuivre,NOM,m,2679
les bijoux,bijoux,NOM,,2680
grec,grec,ADJ,,2681
une déclaration,déclaration,NOM,f,2682
international,international,ADJ,,2683
timide,timide,ADJ,,2684
une ambition,ambition,NOM,f,2685
la demeure,demeure,NOM,f,2686
le foie,foie,NOM,m,2687
affecter,affecter,VER,,2688
le crayon,crayon,NOM,m,2689
se suicider,suicider,VER,,2690
un ordinateur,ordinateur,NOM,m,2691
la respiration,respiration,NOM,f,2692
une impatience,impatience,NOM,f,2693
le plus,plus,VER,m,2694
le carrefour,carrefour,NOM,m,2695
le clou,clou,NOM,m,2696
le pédé,pédé,NOM,m,2697
la hanche,hanche,NOM,f,2698
le chanteur,chanteur,NOM,m,2699
le puits,puits,NOM,m,2700
la pâte,pâte,NOM,f,2701
le bouquin,bouquin,NOM,m,2702
pénible,pénible,ADJ,,2703
mars,mars,NOM,,2705
compliquer,compliquer,VER,,2706
un amoureux,amoureux,ADJ,m,2707
le juste,juste,ADJ,m,2708
circuler,circuler,VER,,2709
une exécution,exécution,NOM,f,2710
contacter,contacter,VER,,2711
la poésie,poésie,NOM,f,2712
torturer,torturer,VER,,2713
un Chinois,Chinois,ADJ,m,2714
local,local,ADJ,,2715
pourri,pourri,ADJ,,2716
une agence,agence,NOM,f,2717
aspirer,aspirer,VER,,2718
le mélange,mélange,NOM,m,2719
le prochain,prochain,ADJ,m,2720
la mèche,mèche,NOM,f,2721
décoller,décoller,VER,,2722
le document,document,NOM,m,2723
extérieur,extérieur,ADJ,,2724
la magie,magie,NOM,f,2725
toutefois,toutefois,ADV,,2726
la vitrine,vitrine,NOM,f,2727
bouleverser,bouleverser,VER,,2728
une exception,exception,NOM,f,2729
une économie,économie,NOM,f,2730
procurer,procurer,VER,,2731
une excellence,excellence,NOM,f,2732
la piscine,piscine,NOM,f,2733
un essentiel,essentiel,ADJ,m,2734
une apparition,apparition,NOM,f,2735
courageux,courageux,ADJ,,2736
bavarder,bavarder,VER,,2737
étrangler,étrangler,VER,,2738
planquer,planquer,VER,,2739
bondir,bondir,VER,,2740
consentir,consentir,VER,,2741
geler,geler,VER,,2742
réciter,réciter,VER,,2743
la possession,possession,NOM,f,2744
une annonce,annonce,NOM,f,2745
féliciter,féliciter,VER,,2746
le bonhomme,bonhomme,ADJ,m,2747
le guide,guide,NOM,m,2748
catholique,catholique,ADJ,,2749
raccompagner,raccompagner,VER,,2750
prolonger,prolonger,VER,,2751
le concierge,concierge,NOM,m,2753
le velours,velours,NOM,m,2754
plaquer,plaquer,VER,,2755
solitaire,solitaire,ADJ,,2756
un asile,asile,NOM,m,2757
une pause,pause,NOM,f,2758
le gouverneur,gouverneur,NOM,m,2759
la cité,cité,VER,f,2760
la puce,puce,ADJ,f,2761
tranquillement,tranquillement,ADV,,2762
animer,animer,VER,,2763
ronger,ronger,VER,,2764
le ticket,ticket,NOM,m,2765
un Espagnol,Espagnol,ADJ,m,2766
vilain,vilain,ADJ,,2767
redescendre,redescendre,VER,,2768
la capitale,capitale,ADJ,f,2769
la copie,copie,NOM,f,2770
recueillir,recueillir,VER,,2771
replier,replier,VER,,2772
le suivant,suivant,ADJ,m,2773
la tranchée,tranchée,VER,f,2774
le mardi,mardi,NOM,m,2775
le collier,collier,NOM,m,2776
une administration,administration,NOM,f,2777
le bouge,bouge,NOM,m,2778
religieux,religieux,ADJ,,2779
définitif,définitif,ADJ,,2780
décembre,décembre,NOM,,2781
un drôle,drôle,ADJ,m,2782
une nécessité,nécessité,VER,f,2783
la disparition,disparition,NOM,f,2784
un opéra,opéra,NOM,m,2785
cueillir,cueillir,VER,,2786
le serveur,serveur,NOM,m,2787
un hôte,hôte,NOM,m,2788
un appui,appui,NOM,m,2789
distribuer,distribuer,VER,,2790
le traître,traître,ADJ,m,2791
chuchoter,chuchoter,VER,,2792
visible,visible,ADJ,,2793
le mandat,mandat,NOM,m,2794
fichu,fichu,ADJ,,2795
le char,char,NOM,m,2796
une étape,étape,NOM,f,2797
le gré,gré,NOM,m,2798
le panneau,panneau,NOM,m,2799
la chaussette,chaussette,NOM,f,2800
le profit,profit,NOM,m,2801
la plaie,plaie,NOM,f,2802
une ambulance,ambulance,NOM,f,2803
une issue,issue,ADJ,f,2804
sévère,sévère,ADJ,,2805
le pari,pari,NOM,m,2806
la lire,lire,NOM,f,2807
un anneau,anneau,NOM,m,2808
le soupçon,soupçon,NOM,m,2809
le portefeuille,portefeuille,NOM,m,2810
clore,clore,VER,,2811
cher,cher,ADJ,,2812
élégant,élégant,ADJ,,2813
s'effondrer,effondrer,VER,,2814
janvier,janvier,NOM,,2815
quelconque,quelconque,ADJ,,2816
tâcher,tâcher,VER,,2818
la jalousie,jalousie,NOM,f,2819
consister,consister,VER,,2820
un espion,espion,NOM,m,2821
le canapé,canapé,NOM,m,2822
un adjudant,adjudant,NOM,m,2823
la cassette,cassette,NOM,f,2824
procéder,procéder,VER,,2825
la fraîcheur,fraîcheur,NOM,f,2826
séduire,séduire,VER,,2827
le plancher,plancher,NOM,m,2828
la paume,paume,NOM,f,2829
le triomphe,triomphe,NOM,m,2830
le légume,légume,NOM,m,2831
la démarche,démarche,NOM,f,2832
apprêter,apprêter,VER,,2833
une tentative,tentative,NOM,f,2834
le touriste,touriste,NOM,m,2835
le cahier,cahier,NOM,m,2836
le trouble,trouble,ADJ,m,2837
feu,feu,ADJ,,2838
le deuil,deuil,NOM,m,2839
pratiquer,pratiquer,VER,,2840
le responsable,responsable,ADJ,m,2841
le bonbon,bonbon,NOM,m,2842
préféré,préféré,VER,,2843
le règlement,règlement,NOM,m,2844
réchauffer,réchauffer,VER,,2845
le collège,collège,NOM,m,2846
suffisamment,suffisamment,ADV,,2847
la caresse,caresse,NOM,f,2848
la blouse,blouse,NOM,f,2849
éliminer,éliminer,VER,,2850
le remords,remords,VER,m,2851
la dette,dette,NOM,f,2852
border,border,VER,,2853
suprême,suprême,ADJ,,2854
le futur,futur,ADJ,m,2855
recommander,recommander,VER,,2856
idéal,idéal,ADJ,,2857
le poumon,poumon,NOM,m,2858
doubler,doubler,NOM,,2859
fasciner,fasciner,VER,,2860
voter,voter,VER,,2861
admirable,admirable,ADJ,,2862
la noce,noce,NOM,f,2863
la vaisselle,vaisselle,NOM,f,2864
la reconnaissance,reconnaissance,NOM,f,2865
brusque,brusque,ADJ,,2866
succéder,succéder,VER,,2867
enchanter,enchanter,VER,,2868
un abbé,abbé,NOM,m,2869
le comportement,comportement,NOM,m,2870
acquérir,acquérir,VER,,2871
un oubli,oubli,NOM,m,2872
grouiller,grouiller,VER,,2873
soigneusement,soigneusement,ADV,,2874
contrer,contrer,VER,,2875
la longueur,longueur,NOM,f,2876
le tube,tube,NOM,m,2877
un innocent,innocent,ADJ,m,2878
le régiment,régiment,NOM,m,2879
se balader,balader,VER,,2880
errer,errer,VER,,2881
le pêcheur,pêcheur,NOM,m,2882
la flèche,flèche,NOM,f,2883
petit,petit,ADJ,,2884
la bonté,bonté,NOM,f,2885
figer,figer,VER,,2886
le bataillon,bataillon,NOM,m,2887
déboucher,déboucher,VER,,2888
le dur,dur,ADJ,m,2889
fourrer,fourrer,VER,,2890
le liquide,liquide,ADJ,m,2891
final,final,ADJ,,2892
le Grec,Grec,ADJ,m,2893
célébrer,célébrer,VER,,2894
le magazine,magazine,NOM,m,2895
chouette,chouette,ADJ,,2896
isoler,isoler,VER,,2898
abîmer,abîmer,VER,,2899
le riche,riche,ADJ,m,2900
une influence,influence,NOM,f,2901
boucher,boucher,NOM,,2902
surmonter,surmonter,VER,,2904
gratuit,gratuit,ADJ,,2905
déployer,déployer,VER,,2906
jusque-là,jusque-là,ADV,,2907
une occupation,occupation,NOM,f,2908
dit,dit,VER,,2909
longer,longer,VER,,2910
le communiste,communiste,ADJ,m,2911
dégueulasse,dégueulasse,ADJ,,2912
aviser,aviser,VER,,2913
une admiration,admiration,NOM,f,2914
la construction,construction,NOM,f,2915
fantastique,fantastique,ADJ,,2916
lécher,lécher,VER,,2917
mélanger,mélanger,VER,,2918
aigu,aigu,ADJ,,2919
insupportable,insupportable,ADJ,,2920
la grandeur,grandeur,NOM,f,2921
la trahison,trahison,NOM,f,2922
gueuler,gueuler,VER,,2923
un équipage,équipage,NOM,m,2924
lisse,lisse,ADJ,,2925
agacer,agacer,VER,,2926
un particulier,particulier,ADJ,m,2927
résonner,résonner,VER,,2928
le troupeau,troupeau,NOM,m,2929
rembourser,rembourser,VER,,2930
un obus,obus,NOM,m,2931
la pension,pension,NOM,f,2932
clairement,clairement,ADV,,2933
imprimer,imprimer,VER,,2934
la tension,tension,NOM,f,2935
le neveu,neveu,NOM,m,2936
la personnalité,personnalité,NOM,f,2937
le commun,commun,ADJ,m,2938
exceptionnel,exceptionnel,ADJ,,2939
la ruelle,ruelle,NOM,f,2940
trancher,trancher,VER,,2941
le reproche,reproche,NOM,m,2942
le représentant,représentant,NOM,m,2943
le hall,hall,NOM,m,2944
un obstacle,obstacle,NOM,m,2945
rude,rude,ADJ,,2946
basculer,basculer,VER,,2947
le berger,berger,NOM,m,2948
classique,classique,ADJ,,2949
la bicyclette,bicyclette,NOM,f,2950
garantir,garantir,VER,,2951
suffisant,suffisant,VER,,2952
le désastre,désastre,NOM,m,2953
une allumette,allumette,NOM,f,2954
une invitation,invitation,NOM,f,2955
un enculé,enculé,VER,m,2956
un insecte,insecte,NOM,m,2957
portable,portable,ADJ,,2958
flatter,flatter,VER,,2959
préoccuper,préoccuper,VER,,2960
blessé,blessé,VER,,2961
une encre,encre,NOM,f,2962
fendre,fendre,VER,,2963
le coton,coton,NOM,m,2964
transparent,transparent,ADJ,,2965
la panne,panne,NOM,f,2966
infini,infini,ADJ,,2967
une fillette,fillette,NOM,f,2968
le riz,riz,NOM,m,2969
communiste,communiste,ADJ,,2970
le dégoût,dégoût,NOM,m,2971
récemment,récemment,ADV,,2972
misérable,misérable,ADJ,,2973
atterrir,atterrir,VER,,2974
nouer,nouer,VER,,2975
un adversaire,adversaire,NOM,m,2976
un suspect,suspect,ADJ,m,2977
le carré,carré,VER,m,2978
le coiffeur,coiffeur,NOM,m,2979
la loge,loge,NOM,f,2980
le refus,refus,NOM,m,2981
une araignée,araignée,NOM,f,2982
le cap,cap,NOM,m,2983
la pose,pose,NOM,f,2984
le damoiseau,damoiseau,NOM,m,2985
la communauté,communauté,NOM,f,2986
la grimace,grimace,NOM,f,2987
dégoûter,dégoûter,VER,,2988
la médecine,médecine,NOM,f,2989
le duc,duc,NOM,m,2990
le dialogue,dialogue,NOM,m,2991
honorer,honorer,VER,,2992
le temple,temple,NOM,m,2993
une orange,orange,ADJ,f,2994
une allusion,allusion,NOM,f,2995
récent,récent,ADJ,,2996
le comble,comble,ADJ,m,2997
le témoignage,témoignage,NOM,m,2998
un épisode,épisode,NOM,m,2999
préserver,préserver,VER,,3000
vivement,vivement,ADV,,3001
une analyse,analyse,NOM,f,3002
le vertige,vertige,NOM,m,3003
drôlement,drôlement,ADV,,3004
s'écouler,écouler,VER,,3005
la Bible,Bible,NOM,f,3006
divorcer,divorcer,VER,,3007
la coutume,coutume,NOM,f,3008
le procureur,procureur,NOM,m,3009
une manœuvre,manœuvre,,f,3010
le passeport,passeport,NOM,m,3011
la pilule,pilule,NOM,f,3012
actuel,actuel,ADJ,,3013
un oignon,oignon,NOM,m,3014
calculer,calculer,VER,,3015
le vendeur,vendeur,NOM,m,3016
le chantier,chantier,NOM,m,3017
le fumier,fumier,NOM,m,3018
le nœud,nœud,,m,3019
la richesse,richesse,NOM,f,3020
un demi-tour,demi-tour,NOM,m,3021
géant,géant,ADJ,,3022
le passant,passant,ADJ,m,3023
le tablier,tablier,NOM,m,3024
absorber,absorber,VER,,3025
la clarté,clarté,NOM,f,3026
musical,musical,ADJ,,3027
soviétique,soviétique,ADJ,,3028
entamer,entamer,VER,,3029
surpris,surpris,VER,,3030
la sagesse,sagesse,NOM,f,3031
un instituteur,instituteur,NOM,m,3032
imbécile,imbécile,ADJ,,3033
fatal,fatal,ADJ,,3034
débattre,débattre,VER,,3035
la philosophie,philosophie,NOM,f,3036
un fonctionnaire,fonctionnaire,NOM,m,3037
le murmure,murmure,NOM,m,3038
le marquis,marquis,NOM,m,3039
un ancêtre,ancêtre,NOM,m,3040
le ministère,ministère,NOM,m,3041
arabe,arabe,ADJ,,3042
le matelas,matelas,NOM,m,3043
une intimité,intimité,NOM,f,3044
le dé,dé,NOM,m,3045
la paroi,paroi,NOM,f,3046
banal,banal,ADJ,,3047
aérien,aérien,ADJ,,3048
le renfort,renfort,NOM,m,3049
relâcher,relâcher,VER,,3050
la descente,descente,NOM,f,3051
le buisson,buisson,NOM,m,3052
une écoute,écoute,NOM,f,3053
la vapeur,vapeur,NOM,f,3054
le commentaire,commentaire,NOM,m,3055
rétablir,rétablir,VER,,3056
le savon,savon,NOM,m,3057
combler,combler,VER,,3058
le car,car,CON,m,3059
la chèvre,chèvre,NOM,f,3060
décidément,décidément,ADV,,3061
le bourgeois,bourgeois,ADJ,m,3062
le double,double,ADJ,m,3063
le centimètre,centimètre,NOM,m,3064
tragique,tragique,ADJ,,3065
empoisonner,empoisonner,VER,,3066
indifférent,indifférent,ADJ,,3067
la morale,morale,ADJ,f,3068
un index,index,NOM,m,3069
la tronche,tronche,NOM,f,3070
la conclusion,conclusion,NOM,f,3071
un géant,géant,ADJ,m,3072
enfantin,enfantin,ADJ,,3073
un envers,envers,NOM,m,3074
aligner,aligner,VER,,3075
pincer,pincer,VER,,3076
la critique,critique,ADJ,f,3077
grogner,grogner,VER,,3078
une vedette,vedette,NOM,f,3079
un orchestre,orchestre,NOM,m,3080
une perle,perle,NOM,f,3081
une cheville,cheville,NOM,f,3082
le divorce,divorce,NOM,m,3083
dérober,dérober,VER,,3084
immédiat,immédiat,ADJ,,3085
le bec,bec,NOM,m,3086
le volume,volume,NOM,m,3087
le pigeon,pigeon,NOM,m,3088
ultime,ultime,ADJ,,3089
la réception,réception,NOM,f,3090
abuser,abuser,VER,,3091
orner,orner,VER,,3092
grossier,grossier,ADJ,,3093
le serviteur,serviteur,NOM,m,3094
la grotte,grotte,NOM,f,3095
sinistre,sinistre,ADJ,,3096
abriter,abriter,VER,,3097
emballer,emballer,VER,,3098
le mercredi,mercredi,NOM,m,3099
un connard,connard,ADJ,m,3100
la tomate,tomate,NOM,f,3101
la discipline,discipline,NOM,f,3102
un humour,humour,NOM,m,3103
le permis,permis,VER,m,3104
vanter,vanter,VER,,3105
émerger,émerger,VER,,3106
adorable,adorable,ADJ,,3107
dater,dater,VER,,3108
la banquette,banquette,NOM,f,3109
chic,chic,ADJ,,3110
chrétien,chrétien,ADJ,,3111
effrayant,effrayant,ADJ,,3112
un symbole,symbole,NOM,m,3113
la tendance,tendance,NOM,f,3114
le charbon,charbon,NOM,m,3115
la sympathie,sympathie,NOM,f,3116
le tunnel,tunnel,NOM,m,3117
arroser,arroser,VER,,3118
applaudir,applaudir,VER,,3119
un aveugle,aveugle,ADJ,m,3120
une espérance,espérance,NOM,f,3121
le grenier,grenier,NOM,m,3122
un boche,boche,ADJ,m,3123
accélérer,accélérer,VER,,3124
s'attarder,attarder,VER,,3125
une indépendance,indépendance,NOM,f,3126
ennuyeux,ennuyeux,ADJ,,3127
le crépuscule,crépuscule,NOM,m,3128
le chœur,chœur,,m,3129
coupé,coupé,VER,,3130
la signature,signature,NOM,f,3131
un spécialiste,spécialiste,NOM,m,3132
la mousse,mousse,ADJ,f,3133
ennemi,ennemi,ADJ,,3134
le nu,nu,ADJ,m,3135
la manivelle,manivelle,NOM,f,3136
immobiliser,immobiliser,VER,,3137
régulièrement,régulièrement,ADV,,3138
un ingénieur,ingénieur,NOM,m,3139
rempli,rempli,ADJ,,3140
douer,douer,VER,,3141
le cent,cent,ADJ:num,m,3142
un photographe,photographe,NOM,m,3143
salir,salir,VER,,3144
le serment,serment,NOM,m,3145
le fiston,fiston,NOM,m,3146
une ordonnance,ordonnance,NOM,f,3147
parisien,parisien,ADJ,,3148
le réseau,réseau,NOM,m,3149
personnellement,personnellement,ADV,,3150
la production,production,NOM,f,3151
égarer,égarer,VER,,3152
relier,relier,VER,,3153
cuisiner,cuisiner,VER,,3154
le palier,palier,NOM,m,3155
un étonnement,étonnement,NOM,m,3156
le tailleur,tailleur,NOM,m,3157
la marée,marée,NOM,f,3158
le sapin,sapin,NOM,m,3159
la trouille,trouille,NOM,f,3160
un hommage,hommage,NOM,m,3161
le couvert,couvert,ADJ,m,3162
le cerf,cerf,NOM,m,3163
la bagarre,bagarre,NOM,f,3164
gentiment,gentiment,ADV,,3165
le barrage,barrage,NOM,m,3166
un seau,seau,NOM,m,3167
la version,version,NOM,f,3168
le délire,délire,NOM,m,3169
un lâche,lâche,ADJ,m,3170
la sauce,sauce,NOM,f,3171
le coupable,coupable,ADJ,m,3172
entasser,entasser,VER,,3173
glacer,glacer,VER,,3174
injuste,injuste,ADJ,,3175
amical,amical,ADJ,,3176
le sanglot,sanglot,NOM,m,3177
le miel,miel,ADJ,m,3178
le chaud,chaud,ADJ,m,3179
essentiel,essentiel,ADJ,,3180
définitivement,définitivement,ADV,,3181
la bourse,bourse,NOM,f,3182
déplaire,déplaire,VER,,3183
fabuleux,fabuleux,ADJ,,3184
la tempe,tempe,NOM,f,3185
une ardeur,ardeur,NOM,f,3186
normalement,normalement,ADV,,3187
un âne,âne,NOM,m,3188
romantique,romantique,ADJ,,3189
largement,largement,ADV,,3190
la dimension,dimension,NOM,f,3191
un aveu,aveu,NOM,m,3192
carré,carré,VER,,3193
innombrable,innombrable,ADJ,,3194
abandonné,abandonné,VER,,3195
le passager,passager,ADJ,m,3196
ricaner,ricaner,VER,,3197
encombrer,encombrer,VER,,3198
le cancer,cancer,NOM,m,3199
patient,patient,ADJ,,3200
romain,romain,ADJ,,3201
pris,pris,VER,,3202
conquérir,conquérir,VER,,3203
la remarque,remarque,NOM,f,3204
la bite,bite,NOM,f,3205
ruiner,ruiner,VER,,3206
expédier,expédier,VER,,3207
crisper,crisper,VER,,3208
tousser,tousser,VER,,3209
la médaille,médaille,NOM,f,3210
beau,beau,ADJ,,3211
le blouson,blouson,NOM,m,3212
le papillon,papillon,NOM,m,3213
un abruti,abruti,ADJ,m,3214
saurer,saurer,VER,,3215
reproduire,reproduire,VER,,3216
un militaire,militaire,ADJ,m,3217
un abandon,abandon,NOM,m,3218
mater,mater,VER,,3219
un compliment,compliment,NOM,m,3220
la fontaine,fontaine,NOM,f,3221
un otage,otage,NOM,m,3222
le lecteur,lecteur,NOM,m,3223
relire,relire,VER,,3224
une vocation,vocation,NOM,f,3225
le ruisseau,ruisseau,NOM,m,3226
occupé,occupé,VER,,3227
un adolescent,adolescent,ADJ,m,3228
une barrière,barrière,NOM,f,3229
la fac,fac,NOM,f,3230
une combinaison,combinaison,NOM,f,3231
le poison,poison,NOM,m,3232
entrevoir,entrevoir,VER,,3233
se réfugier,réfugier,VER,,3234
le milliard,milliard,NOM,m,3235
déguiser,déguiser,VER,,3236
honteux,honteux,ADJ,,3237
le saut,saut,NOM,m,3238
une boisson,boisson,NOM,f,3239
la banlieue,banlieue,NOM,f,3240
sympathique,sympathique,ADJ,,3241
un aîné,aîné,ADJ,m,3242
une civilisation,civilisation,NOM,f,3243
lasser,lasser,VER,,3244
précédent,précédent,ADJ,,3245
une auberge,auberge,NOM,f,3246
la révolte,révolte,NOM,f,3247
le fonds,fonds,VER,m,3248
pratiquement,pratiquement,ADV,,3249
le malaise,malaise,ADJ,m,3250
la capacité,capacité,NOM,f,3251
le détour,détour,NOM,m,3252
le pin,pin,NOM,m,3253
le ruban,ruban,NOM,m,3254
extrêmement,extrêmement,ADV,,3255
irriter,irriter,VER,,3256
Monseigneur,Monseigneur,NOM,,3257
le coq,coq,NOM,m,3258
le portail,portail,NOM,m,3259
le thème,thème,NOM,m,3260
le pavillon,pavillon,NOM,m,3261
le mont,mont,NOM,m,3262
massacrer,massacrer,VER,,3263
un indice,indice,NOM,m,3264
le jumeau,jumeau,ADJ,m,3265
la mâchoire,mâchoire,NOM,f,3266
une douzaine,douzaine,NOM,f,3267
sonore,sonore,ADJ,,3268
un rien,rien,NOM,m,3269
souple,souple,ADJ,,3270
gronder,gronder,VER,,3271
le jet,jet,NOM,m,3272
le bœuf,bœuf,,m,3273
contraindre,contraindre,VER,,3274
le job,job,NOM,m,3275
la surveillance,surveillance,NOM,f,3276
un office,office,NOM,m,3278
le labo,labo,NOM,m,3279
la moitié,moitié,ADV,f,3280
la venue,venue,VER,f,3281
un objectif,objectif,ADJ,m,3282
une étoffe,étoffe,NOM,f,3283
le calcul,calcul,NOM,m,3284
la facture,facture,NOM,f,3285
la ressource,ressource,NOM,f,3286
une élection,élection,NOM,f,3287
le deuxième,deuxième,ADJ,m,3288
inattendu,inattendu,ADJ,,3289
braquer,braquer,VER,,3290
la dose,dose,NOM,f,3291
le valet,valet,NOM,m,3292
un malheureux,malheureux,ADJ,m,3293
une autorisation,autorisation,NOM,f,3294
aboutir,aboutir,VER,,3295
le fossé,fossé,NOM,m,3296
la précision,précision,NOM,f,3297
le nid,nid,NOM,m,3298
enfouir,enfouir,VER,,3299
revivre,revivre,VER,,3300
creux,creux,ADJ,,3301
une haleine,haleine,NOM,f,3302
la marchandise,marchandise,NOM,f,3303
intense,intense,ADJ,,3304
une arrestation,arrestation,NOM,f,3305
améliorer,améliorer,VER,,3306
indispensable,indispensable,ADJ,,3307
un autobus,autobus,NOM,m,3308
ramper,ramper,VER,,3309
visiblement,visiblement,ADV,,3310
la gêne,gêne,NOM,f,3311
un ordinaire,ordinaire,ADJ,m,3312
humble,humble,ADJ,,3313
le bistrot,bistrot,NOM,m,3314
le malin,malin,ADJ,m,3315
gérer,gérer,VER,,3316
le tonnerre,tonnerre,NOM,m,3317
le vice,vice,NOM,m,3318
violet,violet,ADJ,,3319
rédiger,rédiger,VER,,3320
une innocence,innocence,NOM,f,3322
la clinique,clinique,ADJ,f,3323
le néant,néant,NOM,m,3324
le maximum,maximum,ADJ,m,3325
le beau-père,beau-père,NOM,m,3326
un engagement,engagement,NOM,m,3327
un éléphant,éléphant,NOM,m,3328
février,février,NOM,,3329
le vampire,vampire,NOM,m,3330
maîtriser,maîtriser,VER,,3331
le stylo,stylo,NOM,m,3332
la garce,garce,NOM,f,3333
la tonne,tonne,NOM,f,3334
le pneu,pneu,NOM,m,3335
la saleté,saleté,NOM,f,3336
limiter,limiter,VER,,3337
la crête,crête,NOM,f,3338
hisser,hisser,VER,,3339
le jaune,jaune,ADJ,m,3340
subtil,subtil,ADJ,,3341
le lot,lot,NOM,m,3342
le bond,bond,NOM,m,3343
le plastique,plastique,ADJ,m,3344
le virus,virus,NOM,m,3345
la cervelle,cervelle,NOM,f,3346
café,café,ADJ,,3347
la ronde,ronde,ADJ,f,3348
ardent,ardent,ADJ,,3349
assommer,assommer,VER,,3350
le frisson,frisson,NOM,m,3351
désagréable,désagréable,ADJ,,3352
légitime,légitime,ADJ,,3353
courant,courant,ADJ,,3354
humilier,humilier,VER,,3355
un accueil,accueil,NOM,m,3356
brouiller,brouiller,VER,,3357
une ironie,ironie,NOM,f,3358
la touche,touche,NOM,f,3359
racheter,racheter,VER,,3360
une assistance,assistance,NOM,f,3361
le bassin,bassin,NOM,m,3362
convoquer,convoquer,VER,,3363
la défaite,défaite,VER,f,3364
le massacre,massacre,NOM,m,3365
la réussite,réussite,NOM,f,3366
la pub,pub,NOM,f,3367
la gaieté,gaieté,NOM,f,3368
mondial,mondial,ADJ,,3369
le spectateur,spectateur,NOM,m,3370
la complicité,complicité,NOM,f,3371
menu,menu,ADJ,,3372
la tragédie,tragédie,NOM,f,3373
bander,bander,VER,,3374
une extrémité,extrémité,NOM,f,3375
démolir,démolir,VER,,3376
la chevelure,chevelure,NOM,f,3377
la nappe,nappe,NOM,f,3378
le meurtrier,meurtrier,ADJ,m,3379
la torture,torture,NOM,f,3380
renifler,renifler,VER,,3381
le stade,stade,NOM,m,3382
la ruse,ruse,NOM,f,3383
un excès,excès,NOM,m,3384
le délai,délai,NOM,m,3385
un pareil,pareil,ADJ,m,3386
la rupture,rupture,NOM,f,3387
pratique,pratique,ADJ,,3388
la création,création,NOM,f,3389
frôler,frôler,VER,,3390
effectivement,effectivement,ADV,,3391
le for intérieur,for intérieur,,m,3392
un établissement,établissement,NOM,m,3393
bourgeois,bourgeois,ADJ,,3394
efficace,efficace,ADJ,,3395
monstrueux,monstrueux,ADJ,,3396
la tribu,tribu,NOM,f,3397
levé,levé,VER,,3398
redoutable,redoutable,ADJ,,3399
la batterie,batterie,NOM,f,3400
reconnaissant,reconnaissant,ADJ,,3401
sursauter,sursauter,VER,,3402
suspect,suspect,ADJ,,3403
une autoroute,autoroute,NOM,f,3404
modifier,modifier,VER,,3405
conscient,conscient,ADJ,,3406
un pan,pan,NOM,m,3407
le foot,foot,NOM,m,3408
hostile,hostile,ADJ,,3409
chérir,chérir,VER,,3410
hâter,hâter,VER,,3411
un album,album,NOM,m,3412
la destruction,destruction,NOM,f,3413
désespérer,désespérer,VER,,3414
une affiche,affiche,NOM,f,3415
négocier,négocier,VER,,3416
mûr,mûr,ADJ,,3417
le pavé,pavé,VER,m,3418
coudre,coudre,VER,,3419
une onde,onde,NOM,f,3420
le sabot,sabot,NOM,m,3421
le défi,défi,NOM,m,3422
le remède,remède,NOM,m,3423
historique,historique,ADJ,,3424
naïf,naïf,ADJ,,3425
le tambour,tambour,NOM,m,3426
la mairie,mairie,NOM,f,3427
mental,mental,ADJ,,3428
mou,mou,ADJ,,3429
la pénombre,pénombre,NOM,f,3430
massif,massif,ADJ,,3431
attribuer,attribuer,VER,,3432
la haie,haie,NOM,f,3433
disperser,disperser,VER,,3434
le sieur,sieur,NOM,m,3435
un avant,avant,ADJ,m,3436
impatient,impatient,ADJ,,3437
la récompense,récompense,NOM,f,3438
le divan,divan,NOM,m,3439
le musicien,musicien,ADJ,m,3440
un organe,organe,NOM,m,3441
pêcher,pêcher,NOM,,3442
ravissant,ravissant,VER,,3443
ressusciter,ressusciter,VER,,3444
enchaîner,enchaîner,VER,,3445
une intervention,intervention,NOM,f,3446
la serrure,serrure,NOM,f,3447
luisant,luisant,VER,,3448
la selle,selle,NOM,f,3449
la voûte,voûte,NOM,f,3450
la quantité,quantité,NOM,f,3451
négliger,négliger,VER,,3452
le possible,possible,ADJ,m,3453
vibrer,vibrer,VER,,3454
la marge,marge,NOM,f,3455
le pétrole,pétrole,NOM,m,3456
une bouffée,bouffée,VER,f,3457
la narine,narine,NOM,f,3458
le caporal,caporal,NOM,m,3459
la roche,roche,NOM,f,3460
probable,probable,ADJ,,3461
un complice,complice,ADJ,m,3462
la confusion,confusion,NOM,f,3463
le teint,teint,VER,m,3464
le pasteur,pasteur,NOM,m,3465
la brigade,brigade,NOM,f,3466
économique,économique,ADJ,,3467
une outre,outre,ADV,f,3468
provenir,provenir,VER,,3469
accumuler,accumuler,VER,,3470
multiplier,multiplier,VER,,3471
confortable,confortable,ADJ,,3472
choquer,choquer,VER,,3473
la dispute,dispute,NOM,f,3474
la borne,borne,NOM,f,3475
la fourrure,fourrure,NOM,f,3476
maternel,maternel,ADJ,,3477
un machin,machin,NOM,m,3479
effleurer,effleurer,VER,,3480
le maillot,maillot,NOM,m,3481
piéger,piéger,VER,,3482
la dentelle,dentelle,NOM,f,3483
la sirène,sirène,NOM,f,3484
le beau-frère,beau-frère,NOM,m,3485
la démocratie,démocratie,NOM,f,3486
la cachette,cachette,VER,f,3487
ménager,ménager,ADJ,,3488
la tranche,tranche,NOM,f,3489
revêtir,revêtir,VER,,3490
cerner,cerner,VER,,3491
une camionnette,camionnette,NOM,f,3492
décorer,décorer,VER,,3493
le cristal,cristal,NOM,m,3494
le laboratoire,laboratoire,NOM,m,3495
une électricité,électricité,NOM,f,3496
un chrétien,chrétien,ADJ,m,3497
graver,graver,VER,,3498
le litre,litre,NOM,m,3499
le chêne,chêne,NOM,m,3500
le timbre,timbre,NOM,m,3501
la guitare,guitare,NOM,f,3502
le tremblement,tremblement,NOM,m,3503
le balai,balai,NOM,m,3504
un domestique,domestique,ADJ,m,3505
le revers,revers,NOM,m,3506
reparler,reparler,VER,,3507
une accusation,accusation,NOM,f,3508
la fidélité,fidélité,NOM,f,3509
le gris,gris,ADJ,m,3510
un bandit,bandit,NOM,m,3511
un détective,détective,NOM,m,3512
le chariot,chariot,NOM,m,3513
supprimer,supprimer,VER,,3514
s'agenouiller,agenouiller,VER,,3515
dessous,dessous,ADV,,3516
un entraînement,entraînement,NOM,m,3517
volontaire,volontaire,ADJ,,3518
une ride,ride,NOM,f,3519
une étendue,étendue,VER,f,3521
le scénario,scénario,NOM,m,3522
le soutien,soutien,NOM,m,3523
brancher,brancher,VER,,3524
le conte,conte,NOM,m,3525
atroce,atroce,ADJ,,3526
traquer,traquer,VER,,3527
allié,allié,VER,,3528
cingler,cingler,VER,,3529
corriger,corriger,VER,,3530
sexy,sexy,ADJ,,3531
le buffet,buffet,NOM,m,3532
la charité,charité,NOM,f,3533
faucher,faucher,VER,,3534
le marteau,marteau,NOM,m,3535
gamin,gamin,ADJ,,3536
un civil,civil,ADJ,m,3537
retentir,retentir,VER,,3538
renforcer,renforcer,VER,,3539
le convoi,convoi,NOM,m,3540
la tentation,tentation,NOM,f,3541
frémir,frémir,VER,,3542
un privilège,privilège,NOM,m,3543
le parking,parking,NOM,m,3544
actuellement,actuellement,ADV,,3545
une hésitation,hésitation,NOM,f,3546
la répétition,répétition,NOM,f,3547
la brosse,brosse,NOM,f,3548
la publicité,publicité,NOM,f,3549
la révélation,révélation,NOM,f,3550
technique,technique,ADJ,,3551
la charrette,charrette,NOM,f,3552
le conflit,conflit,NOM,m,3553
la bienvenue,bienvenue,ADJ,f,3554
le département,département,NOM,m,3555
la donne,donne,NOM,f,3556
associer,associer,VER,,3557
empoigner,empoigner,VER,,3558
une confidence,confidence,NOM,f,3559
les données,données,VER,,3560
le frangin,frangin,NOM,m,3561
un amateur,amateur,ADJ,m,3562
la colonie,colonie,NOM,f,3563
refléter,refléter,VER,,3564
la casserole,casserole,NOM,f,3565
la foire,foire,NOM,f,3566
un argument,argument,NOM,m,3567
surprenant,surprenant,ADJ,,3568
le commissariat,commissariat,NOM,m,3569
la détresse,détresse,NOM,f,3570
infiniment,infiniment,ADV,,3571
habillé,habillé,VER,,3572
une élégance,élégance,NOM,f,3573
le mâle,mâle,ADJ,m,3574
un état-major,état-major,NOM,m,3575
la baignoire,baignoire,NOM,f,3576
la représentation,représentation,NOM,f,3577
assumer,assumer,VER,,3578
afficher,afficher,VER,,3579
marine,marine,ADJ,,3580
les chiottes,chiottes,NOM,,3581
la lance,lance,NOM,f,3582
au-dessous,au-dessous,ADV,,3583
vachement,vachement,ADV,,3584
exclure,exclure,VER,,3585
la ficelle,ficelle,VER,f,3586
une flaque,flaque,NOM,f,3587
criminel,criminel,ADJ,,3588
une épaisseur,épaisseur,NOM,f,3589
brandir,brandir,VER,,3590
le ressort,ressort,NOM,m,3591
le mérite,mérite,NOM,m,3592
souriant,souriant,ADJ,,3593
correct,correct,ADJ,,3594
évacuer,évacuer,VER,,3595
la foudre,foudre,NOM,f,3596
la graisse,graisse,NOM,f,3597
piétiner,piétiner,VER,,3598
le moins,moins,ADV,m,3599
vexer,vexer,VER,,3600
souligner,souligner,VER,,3601
la fermeture,fermeture,NOM,f,3602
la vigne,vigne,NOM,f,3603
un engin,engin,NOM,m,3604
le frigo,frigo,NOM,m,3605
le caprice,caprice,NOM,m,3606
la corne,corne,NOM,f,3607
susciter,susciter,VER,,3608
draguer,draguer,VER,,3609
le barreau,barreau,NOM,m,3610
feindre,feindre,VER,,3611
minable,minable,ADJ,,3612
une alarme,alarme,NOM,f,3613
métallique,métallique,ADJ,,3614
vulgaire,vulgaire,ADJ,,3615
le coussin,coussin,NOM,m,3616
une obligation,obligation,NOM,f,3617
flanquer,flanquer,VER,,3618
le domicile,domicile,NOM,m,3619
le refuge,refuge,NOM,m,3620
réfléchi,réfléchi,ADJ,,3621
une horloge,horloge,NOM,f,3622
le violon,violon,NOM,m,3623
maquiller,maquiller,VER,,3624
le bonnet,bonnet,NOM,m,3625
s'accroupir,accroupir,VER,,3626
une tire,tire,NOM,f,3627
clouer,clouer,VER,,3628
compromettre,compromettre,VER,,3629
engueuler,engueuler,VER,,3630
le clair,clair,ADJ,m,3631
le buste,buste,NOM,m,3632
une gonzesse,gonzesse,NOM,f,3633
griller,griller,VER,,3634
la baie,baie,ADJ,f,3635
engloutir,engloutir,VER,,3636
splendide,splendide,ADJ,,3637
le fouet,fouet,NOM,m,3638
la guise,guise,NOM,f,3639
le parquet,parquet,NOM,m,3640
triompher,triompher,VER,,3641
accabler,accabler,VER,,3642
diviser,diviser,VER,,3643
ébranler,ébranler,VER,,3644
le tireur,tireur,NOM,m,3645
le moulin,moulin,NOM,m,3646
dévisager,dévisager,VER,,3647
une ampoule,ampoule,NOM,f,3648
tourmenter,tourmenter,VER,,3649
encadrer,encadrer,VER,,3650
le guerrier,guerrier,ADJ,m,3651
désespéré,désespéré,VER,,3652
le proche,proche,ADJ,m,3653
un achat,achat,NOM,m,3654
sanglant,sanglant,ADJ,,3655
cirer,cirer,VER,,3656
sincèrement,sincèrement,ADV,,3657
émettre,émettre,VER,,3658
étonné,étonné,VER,,3659
la fée,fée,NOM,f,3660
le cachet,cachet,NOM,m,3661
brûlé,brûlé,VER,,3662
une institution,institution,NOM,f,3663
un associé,associé,VER,m,3664
parti,parti,ADJ,,3665
un sauvage,sauvage,ADJ,m,3666
spirituel,spirituel,ADJ,,3667
la température,température,NOM,f,3668
le traité,traité,VER,m,3669
un abîme,abîme,NOM,m,3670
le salopard,salopard,NOM,m,3671
inquiétant,inquiétant,ADJ,,3672
le facteur,facteur,NOM,m,3673
hanter,hanter,VER,,3674
la rampe,rampe,NOM,f,3675
un aller,aller,NOM,m,3676
la formation,formation,NOM,f,3677
japonais,japonais,ADJ,,3678
une alerte,alerte,ADJ,f,3679
carrément,carrément,ADV,,3680
la falaise,falaise,NOM,f,3681
brisé,brisé,VER,,3682
le débat,débat,NOM,m,3683
court,court,VER,,3684
le crochet,crochet,NOM,m,3685
la poursuite,poursuite,NOM,f,3686
tolérer,tolérer,VER,,3687
une inscription,inscription,NOM,f,3688
le pape,pape,NOM,m,3689
déterminer,déterminer,VER,,3690
affoler,affoler,VER,,3691
remarquable,remarquable,ADJ,,3692
anonyme,anonyme,ADJ,,3693
le tonton,tonton,NOM,m,3694
illuminer,illuminer,VER,,3695
logique,logique,ADJ,,3696
retarder,retarder,VER,,3697
terriblement,terriblement,ADV,,3698
une insulte,insulte,NOM,f,3699
une exposition,exposition,NOM,f,3700
le trône,trône,NOM,m,3701
la pizza,pizza,NOM,f,3702
gigantesque,gigantesque,ADJ,,3703
la coiffure,coiffure,NOM,f,3704
contourner,contourner,VER,,3705
baptiser,baptiser,VER,,3706
confesser,confesser,VER,,3707
la durée,durée,VER,f,3708
défoncer,défoncer,VER,,3709
une édition,édition,NOM,f,3710
le dragon,dragon,NOM,m,3711
rouiller,rouiller,VER,,3712
le climat,climat,NOM,m,3713
la chaussée,chaussée,VER,f,3714
le fort,fort,ADJ,m,3715
s'évader,évader,VER,,3716
gravement,gravement,ADV,,3717
le soulagement,soulagement,NOM,m,3718
le barbier,barbier,NOM,m,3720
la brute,brute,ADJ,f,3721
maladroit,maladroit,ADJ,,3722
une agitation,agitation,NOM,f,3723
le conducteur,conducteur,ADJ,m,3724
le bac,bac,NOM,m,3725
le robot,robot,NOM,m,3726
la manifestation,manifestation,NOM,f,3727
la semelle,semelle,NOM,f,3728
la servante,servante,NOM,f,3729
une invention,invention,NOM,f,3730
la faculté,faculté,NOM,f,3731
adapter,adapter,VER,,3732
brutalement,brutalement,ADV,,3733
le monument,monument,NOM,m,3734
pointu,pointu,ADJ,,3735
une artillerie,artillerie,NOM,f,3736
le dessert,dessert,NOM,m,3737
la gorgée,gorgée,VER,f,3738
une info,info,NOM,f,3739
mal,mal,ADJ,,3740
investir,investir,VER,,3741
nuire,nuire,VER,,3742
la cathédrale,cathédrale,ADJ,f,3743
la recette,recette,NOM,f,3744
la considération,considération,NOM,f,3745
le casier,casier,NOM,m,3746
paniquer,paniquer,VER,,3747
un délice,délice,NOM,m,3748
le loisir,loisir,NOM,m,3749
la prime,prime,ADJ,f,3750
impérial,impérial,ADJ,,3751
la tige,tige,NOM,f,3752
tricher,tricher,VER,,3753
une expédition,expédition,NOM,f,3754
anéantir,anéantir,VER,,3755
un Japonais,Japonais,ADJ,m,3756
sentimental,sentimental,ADJ,,3758
la miette,miette,NOM,f,3759
rôder,rôder,VER,,3760
le pognon,pognon,NOM,m,3761
le songe,songe,NOM,m,3762
la discrétion,discrétion,NOM,f,3763
postal,postal,ADJ,,3764
vouer,vouer,VER,,3765
défier,défier,VER,,3766
une hypothèse,hypothèse,NOM,f,3767
impressionnant,impressionnant,ADJ,,3768
le promis,promis,VER,m,3769
la réplique,réplique,NOM,f,3770
débile,débile,ADJ,,3771
caché,caché,VER,,3772
la profession,profession,NOM,f,3773
le rasoir,rasoir,ADJ,m,3774
le candidat,candidat,NOM,m,3775
progresser,progresser,VER,,3776
effectuer,effectuer,VER,,3777
glorieux,glorieux,ADJ,,3778
agressif,agressif,ADJ,,3779
la pelle,pelle,NOM,f,3780
la sonnette,sonnette,NOM,f,3781
le menu,menu,ADJ,m,3782
le pyjama,pyjama,NOM,m,3783
la république,république,NOM,f,3784
interdit,interdit,VER,,3785
s'acharner,acharner,VER,,3786
la capote,capote,NOM,f,3787
la stupeur,stupeur,NOM,f,3788
le veau,veau,NOM,m,3789
la querelle,querelle,NOM,f,3790
le petit-fils,petit-fils,NOM,m,3791
une initiative,initiative,NOM,f,3792
le bâtard,bâtard,ADJ,m,3793
discrètement,discrètement,ADV,,3794
le hurlement,hurlement,NOM,m,3795
la politesse,politesse,NOM,f,3796
le rail,rail,NOM,m,3797
oublié,oublié,VER,,3798
la provision,provision,NOM,f,3799
tâter,tâter,VER,,3800
la caserne,caserne,NOM,f,3801
la technique,technique,ADJ,f,3802
un accusé,accusé,VER,m,3803
le pipi,pipi,NOM,m,3804
un as,as,AUX,m,3805
le derrière,derrière,ADV,m,3806
une inspiration,inspiration,NOM,f,3807
un philosophe,philosophe,ADJ,m,3808
le feuillage,feuillage,NOM,m,3809
la vodka,vodka,NOM,f,3810
grossir,grossir,VER,,3811
européen,européen,ADJ,,3812
le major,major,NOM,m,3813
intriguer,intriguer,VER,,3814
mécanique,mécanique,ADJ,,3815
la peste,peste,NOM,f,3816
le clan,clan,NOM,m,3817
la circulation,circulation,NOM,f,3818
la cicatrice,cicatrice,NOM,f,3819
gâter,gâter,VER,,3820
la patate,patate,NOM,f,3821
rouvrir,rouvrir,VER,,3822
une coïncidence,coïncidence,NOM,f,3823
la fiche,fiche,NOM,f,3824
incertain,incertain,ADJ,,3825
le dépôt,dépôt,NOM,m,3826
mis,mis,VER,,3827
disponible,disponible,ADJ,,3828
la pratique,pratique,ADJ,f,3829
la pudeur,pudeur,NOM,f,3830
saoul,saoul,ADJ,,3831
un expert,expert,ADJ,m,3832
le rouleau,rouleau,NOM,m,3833
le propre,propre,ADJ,m,3834
la prudence,prudence,NOM,f,3835
le chiffon,chiffon,NOM,m,3836
reçu,reçu,VER,,3837
dépouiller,dépouiller,VER,,3838
stopper,stopper,VER,,3839
la mitrailleuse,mitrailleuse,NOM,f,3840
la noix,noix,NOM,f,3841
le parcours,parcours,VER,m,3842
la gentillesse,gentillesse,NOM,f,3843
la poêle,poêle,NOM,f,3844
inférieur,inférieur,ADJ,,3845
un évêque,évêque,NOM,m,3846
la manie,manie,NOM,f,3847
original,original,ADJ,,3848
les cieux,cieux,NOM,,3849
le réflexe,réflexe,ADJ,m,3850
fouetter,fouetter,VER,,3851
positif,positif,ADJ,,3852
la sonnerie,sonnerie,NOM,f,3853
les fringues,fringues,NOM,,3854
mentionner,mentionner,VER,,3855
la graine,graine,NOM,f,3856
la patrouille,patrouille,NOM,f,3857
la routine,routine,NOM,f,3858
un agneau,agneau,NOM,m,3859
le torse,torse,ADJ,m,3860
naguère,naguère,ADV,,3861
fusiller,fusiller,VER,,3862
ronfler,ronfler,VER,,3863
la jungle,jungle,NOM,f,3864
une ambassade,ambassade,NOM,f,3865
sombrer,sombrer,VER,,3866
classer,classer,VER,,3867
le couvercle,couvercle,NOM,m,3868
le logement,logement,NOM,m,3869
multiple,multiple,ADJ,,3870
hériter,hériter,VER,,3871
la quête,quête,NOM,f,3872
la bille,bille,NOM,f,3873
la gravité,gravité,VER,f,3874
élire,élire,VER,,3875
généralement,généralement,ADV,,3876
la saucisse,saucisse,NOM,f,3877
la bulle,bulle,NOM,f,3878
imaginaire,imaginaire,ADJ,,3879
sublime,sublime,ADJ,,3880
supplémentaire,supplémentaire,ADJ,,3881
le brin,brin,NOM,m,3882
le foin,foin,NOM,m,3883
la grenade,grenade,NOM,f,3884
un diplôme,diplôme,NOM,m,3885
disparu,disparu,VER,,3886
le tennis,tennis,NOM,m,3887
le ciment,ciment,NOM,m,3888
un combattant,combattant,ADJ,m,3889
un écrit,écrit,VER,m,3890
une audace,audace,NOM,f,3891
la perfection,perfection,NOM,f,3892
incroyable,incroyable,ADJ,,3893
le congrès,congrès,NOM,m,3894
un battement,battement,NOM,m,3895
la séparation,séparation,NOM,f,3897
un écolier,écolier,NOM,m,3898
maître,maître,ADJ,,3899
un ivrogne,ivrogne,ADJ,m,3900
la nostalgie,nostalgie,NOM,f,3901
le hangar,hangar,NOM,m,3902
la forteresse,forteresse,NOM,f,3903
un phénomène,phénomène,NOM,m,3904
le moral,moral,ADJ,m,3905
municipal,municipal,ADJ,,3906
la simplicité,simplicité,NOM,f,3907
la sieste,sieste,NOM,f,3908
la rancune,rancune,NOM,f,3909
le trajet,trajet,NOM,m,3910
clandestin,clandestin,ADJ,,3911
funèbre,funèbre,ADJ,,3912
planer,planer,VER,,3913
un héritage,héritage,NOM,m,3914
ras,ras,ADJ,,3915
spécialement,spécialement,ADV,,3916
un flacon,flacon,NOM,m,3917
quatrième,quatrième,ADJ,,3918
dissiper,dissiper,VER,,3919
vidéo,vidéo,ADJ,,3920
contrarier,contrarier,VER,,3921
un fan,fan,NOM,m,3922
flou,flou,ADJ,,3923
une industrie,industrie,NOM,f,3924
négatif,négatif,ADJ,,3925
voire,voire,ADV,,3926
le bidon,bidon,ADJ,m,3927
le briquet,briquet,NOM,m,3928
le trafic,trafic,NOM,m,3929
le biscuit,biscuit,NOM,m,3930
cardiaque,cardiaque,ADJ,,3931
un héritier,héritier,NOM,m,3932
le change,change,NOM,m,3933
peupler,peupler,VER,,3934
solennel,solennel,ADJ,,3935
diminuer,diminuer,VER,,3936
accourir,accourir,VER,,3937
le taureau,taureau,NOM,m,3938
la pelouse,pelouse,NOM,f,3939
se résigner,résigner,VER,,3940
élargir,élargir,VER,,3941
plaider,plaider,VER,,3942
les mœurs,mœurs,,,3943
nord,nord,ADJ,,3944
intimider,intimider,VER,,3945
le robinet,robinet,NOM,m,3946
un slip,slip,NOM,m,3947
renouveler,renouveler,VER,,3948
clos,clos,VER,,3949
ruer,ruer,VER,,3950
le jury,jury,NOM,m,3951
un salaud,salaud,ADJ,m,3952
le sous-sol,sous-sol,NOM,m,3953
le sous-titre,sous-titre,NOM,m,3954
une amertume,amertume,NOM,f,3955
le chirurgien,chirurgien,NOM,m,3956
le champignon,champignon,NOM,m,3957
une majorité,majorité,NOM,f,3958
photographier,photographier,VER,,3959
tremblant,tremblant,ADJ,,3960
le sabre,sabre,NOM,m,3961
rabattre,rabattre,VER,,3962
le moi,moi,NOM,m,3963
le dégât,dégât,NOM,m,3964
considérable,considérable,ADJ,,3965
inévitable,inévitable,ADJ,,3966
une ambiance,ambiance,NOM,f,3967
accoucher,accoucher,VER,,3968
attendrir,attendrir,VER,,3969
la hache,hache,NOM,f,3970
la fantaisie,fantaisie,NOM,f,3971
constamment,constamment,ADV,,3972
uni,uni,ADJ,,3973
le tigre,tigre,NOM,m,3975
le viol,viol,NOM,m,3976
un échantillon,échantillon,NOM,m,3977
cultiver,cultiver,VER,,3978
une épingle,épingle,NOM,f,3979
actif,actif,ADJ,,3980
cuit,cuit,VER,,3981
le faubourg,faubourg,NOM,m,3982
le tournant,tournant,ADJ,m,3983
éclatant,éclatant,ADJ,,3984
la rangée,rangée,VER,f,3985
contribuer,contribuer,VER,,3986
exquis,exquis,ADJ,,3987
aimé,aimé,VER,,3988
la pince,pince,NOM,f,3989
le pâté,pâté,NOM,m,3990
singulier,singulier,ADJ,,3991
complice,complice,ADJ,,3992
la vanité,vanité,NOM,f,3993
feuilleter,feuilleter,VER,,3994
violemment,violemment,ADV,,3995
le loyer,loyer,NOM,m,3996
la prostituée,prostituée,VER,f,3997
la lenteur,lenteur,NOM,f,3998
le parapluie,parapluie,NOM,m,3999
permanent,permanent,ADJ,,4000
le foulard,foulard,NOM,m,4001
la malédiction,malédiction,NOM,f,4002
scientifique,scientifique,ADJ,,4003
la mélancolie,mélancolie,NOM,f,4004
un autel,autel,NOM,m,4005
le bombardement,bombardement,NOM,m,4006
un exploit,exploit,NOM,m,4007
le peignoir,peignoir,NOM,m,4008
éblouir,éblouir,VER,,4009
habile,habile,ADJ,,4010
transférer,transférer,VER,,4011
la salive,salive,NOM,f,4012
le casino,casino,NOM,m,4013
une audience,audience,NOM,f,4014
nettement,nettement,ADV,,4015
excitant,excitant,ADJ,,4016
la muraille,muraille,NOM,f,4017
capturer,capturer,VER,,4018
la déception,déception,NOM,f,4019
un idéal,idéal,ADJ,m,4020
un clin d'œil,clin d'œil,,m,4021
le frein,frein,NOM,m,4022
agrandir,agrandir,VER,,4023
la tarte,tarte,ADJ,f,4024
une ignorance,ignorance,NOM,f,4025
détenir,détenir,VER,,4026
le micro,micro,NOM,m,4027
une observation,observation,NOM,f,4028
le travailleur,travailleur,ADJ,m,4029
identique,identique,ADJ,,4030
un attentat,attentat,NOM,m,4031
légal,légal,ADJ,,4032
le rite,rite,NOM,m,4033
se fier,fier,ADJ,,4034
une substance,substance,NOM,f,4035
le cortège,cortège,NOM,m,4036
passionner,passionner,VER,,4037
net,net,ADJ,,4038
boiter,boiter,VER,,4039
une automobile,automobile,ADJ,f,4040
piper,piper,VER,,4041
le contenu,contenu,VER,m,4042
machinalement,machinalement,ADV,,4043
peint,peint,VER,,4044
le tsar,tsar,NOM,m,4045
insensé,insensé,ADJ,,4046
polonais,polonais,ADJ,,4047
incompréhensible,incompréhensible,ADJ,,4048
les munitions,munitions,NOM,,4049
une étiquette,étiquette,VER,f,4050
le câble,câble,NOM,m,4051
la croûte,croûte,NOM,f,4052
la malle,malle,NOM,f,4053
la prairie,prairie,NOM,f,4054
tester,tester,VER,,4055
la corvée,corvée,NOM,f,4056
un scrupule,scrupule,NOM,m,4057
le cognac,cognac,NOM,m,4058
le plein,plein,ADJ,m,4059
le pompier,pompier,ADJ,m,4060
le sénateur,sénateur,NOM,m,4061
le ski,ski,NOM,m,4062
le confort,confort,NOM,m,4063
tacher,tacher,VER,,4064
une harmonie,harmonie,NOM,f,4065
la légion,légion,NOM,f,4066
le mannequin,mannequin,NOM,m,4067
le maquillage,maquillage,NOM,m,4068
le bracelet,bracelet,NOM,m,4069
abaisser,abaisser,VER,,4070
isolé,isolé,VER,,4071
le prophète,prophète,NOM,m,4072
le commencement,commencement,NOM,m,4073
le rempart,rempart,NOM,m,4074
les vivres,vivres,NOM,,4075
proclamer,proclamer,VER,,4077
odieux,odieux,ADJ,,4078
le nain,nain,ADJ,m,4079
navrer,navrer,VER,,4080
le continent,continent,ADJ,m,4081
commercial,commercial,ADJ,,4082
masquer,masquer,VER,,4083
la confession,confession,NOM,f,4084
indien,indien,ADJ,,4085
le manuscrit,manuscrit,ADJ,m,4086
la physique,physique,ADJ,f,4087
le cil,cil,NOM,m,4088
analyser,analyser,VER,,4089
la confiture,confiture,NOM,f,4090
dérisoire,dérisoire,ADJ,,4091
une nuance,nuance,NOM,f,4092
le défilé,défilé,VER,m,4093
favori,favori,ADJ,,4094
antique,antique,ADJ,,4095
le bourreau,bourreau,NOM,m,4096
sitôt,sitôt,ADV,,4098
bruyant,bruyant,ADJ,,4099
le syndicat,syndicat,NOM,m,4100
aîné,aîné,ADJ,,4101
le rivage,rivage,NOM,m,4102
dégoûtant,dégoûtant,ADJ,,4103
le jambon,jambon,NOM,m,4104
la clientèle,clientèle,NOM,f,4105
branler,branler,VER,,4106
gifler,gifler,VER,,4107
la poire,poire,NOM,f,4108
le bronze,bronze,ADJ,m,4109
un fidèle,fidèle,ADJ,m,4110
une association,association,NOM,f,4111
commenter,commenter,VER,,4112
une immobilité,immobilité,NOM,f,4113
la punition,punition,NOM,f,4114
le square,square,NOM,m,4115
constant,constant,ADJ,,4116
le ciseau,ciseau,NOM,m,4117
un croissant,croissant,ADJ,m,4118
soi-disant,soi-disant,ADJ,,4119
un étang,étang,NOM,m,4120
tordu,tordu,VER,,4121
enquêter,enquêter,VER,,4122
liquide,liquide,ADJ,,4123
un arc,arc,NOM,m,4124
frissonner,frissonner,VER,,4125
féroce,féroce,ADJ,,4126
une phase,phase,NOM,f,4127
une exigence,exigence,NOM,f,4128
la nièce,nièce,NOM,f,4129
la signification,signification,NOM,f,4130
le sifflet,sifflet,NOM,m,4131
s'élancer,élancer,VER,,4132
bercer,bercer,VER,,4133
courber,courber,VER,,4134
le pinceau,pinceau,NOM,m,4135
le commandant,commandant,ADJ,m,4136
une promotion,promotion,NOM,f,4137
matériel,matériel,ADJ,,4138
rajouter,rajouter,VER,,4139
notamment,notamment,ADV,,4140
une estime,estime,NOM,f,4141
une fourmi,fourmi,NOM,f,4142
la conquête,conquête,NOM,f,4143
grincer,grincer,VER,,4144
une piqûre,piqûre,NOM,f,4145
le fracas,fracas,NOM,m,4146
instant,instant,ADJ,,4147
souiller,souiller,VER,,4148
les tripes,tripes,NOM,,4149
le haricot,haricot,NOM,m,4150
évoluer,évoluer,VER,,4151
une évolution,évolution,NOM,f,4152
la livraison,livraison,NOM,f,4153
le nazi,nazi,ADJ,m,4154
honorable,honorable,ADJ,,4155
le certificat,certificat,NOM,m,4156
la déesse,déesse,NOM,f,4157
émerveiller,émerveiller,VER,,4158
apparent,apparent,ADJ,,4159
le chevet,chevet,NOM,m,4160
convenable,convenable,ADJ,,4161
le tombeau,tombeau,NOM,m,4162
questionner,questionner,VER,,4163
baver,baver,VER,,4164
le dessein,dessein,NOM,m,4165
une objection,objection,NOM,f,4166
le caoutchouc,caoutchouc,NOM,m,4167
interpréter,interpréter,VER,,4168
offenser,offenser,VER,,4169
commode,commode,ADJ,,4170
satisfait,satisfait,VER,,4171
le béton,béton,NOM,m,4172
provisoire,provisoire,ADJ,,4173
le cran,cran,NOM,m,4174
le pull,pull,NOM,m,4175
une décharge,décharge,NOM,f,4176
la fraise,fraise,NOM,f,4177
le gage,gage,NOM,m,4178
une aura,aura,NOM,f,4179
strict,strict,ADJ,,4180
le sursaut,sursaut,NOM,m,4181
traditionnel,traditionnel,ADJ,,4182
vital,vital,ADJ,,4183
explorer,explorer,VER,,4184
la griffe,griffe,NOM,f,4185
une femelle,femelle,ADJ,f,4186
un malentendu,malentendu,NOM,m,4187
les pleurs,pleurs,NOM,,4188
décharger,décharger,VER,,4189
résumer,résumer,VER,,4190
favorable,favorable,ADJ,,4191
majeur,majeur,ADJ,,4192
aveugler,aveugler,VER,,4193
exaspérer,exaspérer,VER,,4194
la fosse,fosse,NOM,f,4195
caler,caler,VER,,4196
ouvrier,ouvrier,ADJ,,4197
un intervalle,intervalle,NOM,m,4198
un gémissement,gémissement,NOM,m,4199
le notaire,notaire,NOM,m,4200
manier,manier,VER,,4201
le pépé,pépé,NOM,m,4202
insolite,insolite,ADJ,,4203
la bouffe,bouffe,ADJ,f,4204
la remise,remise,VER,f,4205
croisé,croisé,VER,,4206
la farce,farce,NOM,f,4207
repenser,repenser,VER,,4208
la corbeille,corbeille,NOM,f,4209
inonder,inonder,VER,,4210
paralyser,paralyser,VER,,4211
le simple,simple,ADJ,m,4212
le pois,pois,NOM,m,4213
un interrogatoire,interrogatoire,NOM,m,4214
un hérétique,hérétique,ADJ,m,4215
extraire,extraire,VER,,4216
le recours,recours,VER,m,4217
refiler,refiler,VER,,4218
le bouclier,bouclier,NOM,m,4219
définir,définir,VER,,4220
dévoiler,dévoiler,VER,,4221
la vidéo,vidéo,ADJ,f,4222
une étagère,étagère,NOM,f,4223
choper,choper,VER,,4224
le supérieur,supérieur,ADJ,m,4225
le citron,citron,ADJ,m,4226
intellectuel,intellectuel,ADJ,,4227
le bouchon,bouchon,NOM,m,4228
se faufiler,faufiler,VER,,4229
le méchant,méchant,ADJ,m,4230
éclaircir,éclaircir,VER,,4231
un infini,infini,ADJ,m,4232
un impôt,impôt,NOM,m,4233
le latin,latin,ADJ,m,4234
la baleine,baleine,NOM,f,4235
la cruauté,cruauté,NOM,f,4236
le locataire,locataire,NOM,m,4237
la farine,farine,NOM,f,4238
la méfiance,méfiance,NOM,f,4239
une ivresse,ivresse,NOM,f,4240
cligner,cligner,VER,,4241
illégal,illégal,ADJ,,4242
une éponge,éponge,NOM,f,4243
le site,site,NOM,m,4244
le psychiatre,psychiatre,NOM,m,4245
le tabouret,tabouret,NOM,m,4246
une coupure,coupure,NOM,f,4247
accéder,accéder,VER,,4248
périr,périr,VER,,4249
le péril,péril,NOM,m,4250
le chameau,chameau,NOM,m,4251
inspecter,inspecter,VER,,4252
louper,louper,VER,,4253
la came,came,NOM,f,4254
le chaos,chaos,NOM,m,4255
larguer,larguer,VER,,4256
gêné,gêné,VER,,4257
le délit,délit,NOM,m,4258
le pro,pro,NOM,m,4259
la cire,cire,NOM,f,4260
indigner,indigner,VER,,4261
le registre,registre,NOM,m,4262
le golf,golf,NOM,m,4263
le top,top,NOM,m,4264
contraire,contraire,ADJ,,4265
la steppe,steppe,NOM,f,4266
la composition,composition,NOM,f,4267
tasser,tasser,VER,,4268
trinquer,trinquer,VER,,4269
adulte,adulte,ADJ,,4270
poli,poli,ADJ,,4271
le direct,direct,ADJ,m,4272
le rebord,rebord,NOM,m,4273
un gang,gang,NOM,m,4274
un boy,boy,NOM,m,4275
faciliter,faciliter,VER,,4276
un équipement,équipement,NOM,m,4277
pressentir,pressentir,VER,,4278
savant,savant,ADJ,,4279
un député,député,NOM,m,4280
une injure,injure,NOM,f,4281
un abord,abord,NOM,m,4282
une humiliation,humiliation,NOM,f,4283
perpétuel,perpétuel,ADJ,,4284
le plâtre,plâtre,NOM,m,4285
bouillir,bouillir,VER,,4286
le fermier,fermier,ADJ,m,4287
le gilet,gilet,NOM,m,4288
la baguette,baguette,NOM,f,4289
inconscient,inconscient,ADJ,,4290
le manège,manège,NOM,m,4291
le pouls,pouls,NOM,m,4292
le tiers,tiers,ADJ,m,4293
botter,botter,VER,,4294
une claque,claque,NOM,f,4295
scolaire,scolaire,ADJ,,4296
la courbe,courbe,ADJ,f,4297
la cloison,cloison,NOM,f,4298
un psy,psy,NOM,m,4299
une ère,ère,NOM,f,4300
la consigne,consigne,NOM,f,4301
une rafale,rafale,NOM,f,4302
chialer,chialer,VER,,4303
mélancolique,mélancolique,ADJ,,4304
la destination,destination,NOM,f,4305
le dentiste,dentiste,NOM,m,4306
prescrire,prescrire,VER,,4307
éclairé,éclairé,VER,,4308
cru,cru,VER,,4309
volé,volé,VER,,4310
délirer,délirer,VER,,4311
la mamie,mamie,NOM,f,4312
redonner,redonner,VER,,4313
couché,couché,VER,,4314
le règne,règne,NOM,m,4315
forger,forger,VER,,4316
épier,épier,VER,,4317
le loulou,loulou,NOM,m,4318
un éditeur,éditeur,NOM,m,4319
proprement,proprement,ADV,,4320
la pureté,pureté,NOM,f,4321
le mineur,mineur,ADJ,m,4322
la flûte,flûte,NOM,f,4324
renier,renier,VER,,4325
dicter,dicter,VER,,4326
morne,morne,ADJ,,4327
le calendrier,calendrier,NOM,m,4328
enculer,enculer,VER,,4329
éteint,éteint,VER,,4330
déchiffrer,déchiffrer,VER,,4331
un toast,toast,NOM,m,4332
occidental,occidental,ADJ,,4333
gay,gay,ADJ,,4334
la pharmacie,pharmacie,NOM,f,4335
obséder,obséder,VER,,4336
le tourbillon,tourbillon,NOM,m,4337
énormément,énormément,ADV,,4338
enrouler,enrouler,VER,,4339
le parler,parler,ADJ,m,4340
le commerçant,commerçant,VER,m,4341
exploiter,exploiter,VER,,4342
encaisser,encaisser,VER,,4343
gênant,gênant,ADJ,,4344
infliger,infliger,VER,,4345
la traînée,traînée,VER,f,4346
un exemplaire,exemplaire,ADJ,m,4347
authentique,authentique,ADJ,,4348
indépendant,indépendant,ADJ,,4349
à la longue,à la longue,,,4350
le relief,relief,NOM,m,4351
un survivant,survivant,ADJ,m,4352
un assassinat,assassinat,NOM,m,4353
embarrasser,embarrasser,VER,,4354
entrouvrir,entrouvrir,VER,,4355
le jeton,jeton,NOM,m,4356
diffuser,diffuser,VER,,4357
animal,animal,ADJ,,4358
le crabe,crabe,NOM,m,4359
une excitation,excitation,NOM,f,4360
liquider,liquider,VER,,4361
le crapaud,crapaud,NOM,m,4362
renaître,renaître,VER,,4363
la gifle,gifle,NOM,f,4364
freiner,freiner,VER,,4365
polir,polir,VER,,4366
un fragment,fragment,NOM,m,4367
près de,près de,ADV,,4368
gésir,gésir,VER,,4369
interne,interne,ADJ,,4370
une intuition,intuition,NOM,f,4371
le vainqueur,vainqueur,ADJ,m,4372
le do,do,NOM,m,4373
donné,donné,VER,,4374
fleurir,fleurir,VER,,4375
couronner,couronner,VER,,4376
ignoble,ignoble,ADJ,,4377
directeur,directeur,ADJ,,4378
survenir,survenir,VER,,4379
le bénéfice,bénéfice,NOM,m,4380
bâiller,bâiller,VER,,4381
agripper,agripper,VER,,4382
le berceau,berceau,NOM,m,4383
un intellectuel,intellectuel,ADJ,m,4384
allumé,allumé,VER,,4385
déplier,déplier,VER,,4386
gracieux,gracieux,ADJ,,4387
méditer,méditer,VER,,4388
épouvantable,épouvantable,ADJ,,4389
le détachement,détachement,NOM,m,4390
financier,financier,ADJ,,4391
le toubib,toubib,NOM,m,4392
reconstituer,reconstituer,VER,,4393
le bijou,bijou,NOM,m,4394
excessif,excessif,ADJ,,4395
trouble,trouble,ADJ,,4396
le compartiment,compartiment,NOM,m,4397
décourager,décourager,VER,,4398
le culte,culte,NOM,m,4399
la destinée,destinée,VER,f,4400
doué,doué,VER,,4401
enlacer,enlacer,VER,,4402
capital,capital,ADJ,,4403
collectif,collectif,ADJ,,4404
une jumelle,jumelle,ADJ,f,4405
le lavabo,lavabo,NOM,m,4406
pesant,pesant,ADJ,,4407
s'obstiner,obstiner,VER,,4408
littéraire,littéraire,ADJ,,4409
menaçant,menaçant,VER,,4410
pathétique,pathétique,ADJ,,4411
universel,universel,ADJ,,4412
le talus,talus,NOM,m,4413
escalader,escalader,VER,,4414
le football,football,NOM,m,4415
attentivement,attentivement,ADV,,4416
le quatrième,quatrième,ADJ,m,4417
un religieux,religieux,ADJ,m,4418
choisi,choisi,ADJ,,4419
répugnant,répugnant,ADJ,,4420
un apprenti,apprenti,NOM,m,4421
raidir,raidir,VER,,4422
un Indien,Indien,ADJ,m,4423
la blanche,blanche,ADJ,f,4424
naviguer,naviguer,VER,,4425
le porche,porche,NOM,m,4426
un professionnel,professionnel,ADJ,m,4427
écarté,écarté,VER,,4428
la rêverie,rêverie,NOM,f,4429
téléphonique,téléphonique,ADJ,,4430
un appart,appart,NOM,m,4431
une injustice,injustice,NOM,f,4432
rendu,rendu,VER,,4433
la convention,convention,NOM,f,4434
un disciple,disciple,NOM,m,4435
le billard,billard,NOM,m,4436
quasi,quasi,ADV,,4437
la torche,torche,NOM,f,4438
douteux,douteux,ADJ,,4439
une antenne,antenne,NOM,f,4440
la fourchette,fourchette,NOM,f,4441
infernal,infernal,ADJ,,4442
un exil,exil,NOM,m,4443
merder,merder,VER,,4444
le poignard,poignard,NOM,m,4445
ironique,ironique,ADJ,,4446
étreindre,étreindre,VER,,4447
camper,camper,VER,,4448
irrésistible,irrésistible,ADJ,,4449
le pacte,pacte,NOM,m,4450
peiner,peiner,VER,,4451
poster,poster,ADJ,,4452
artistique,artistique,ADJ,,4453
implorer,implorer,VER,,4454
la thèse,thèse,NOM,f,4455
le pansement,pansement,NOM,m,4456
le pilier,pilier,NOM,m,4457
le mégot,mégot,NOM,m,4458
dramatique,dramatique,ADJ,,4459
une obsession,obsession,NOM,f,4460
le basket,basket,NOM,m,4461
fortement,fortement,ADV,,4462
ruisseler,ruisseler,VER,,4463
subitement,subitement,ADV,,4464
la décoration,décoration,NOM,f,4466
la lanterne,lanterne,NOM,f,4467
la logique,logique,ADJ,f,4468
le lard,lard,NOM,m,4469
le fût,fût,NOM,m,4470
remporter,remporter,VER,,4471
décisif,décisif,ADJ,,4472
le cocktail,cocktail,NOM,m,4473
rassurant,rassurant,ADJ,,4474
une démonstration,démonstration,NOM,f,4475
une notion,notion,NOM,f,4476
le circuit,circuit,NOM,m,4477
la bosse,bosse,NOM,f,4478
le boucher,boucher,NOM,m,4479
critique,critique,ADJ,,4480
le ralenti,ralenti,NOM,m,4481
le ridicule,ridicule,ADJ,m,4482
le tien,tien,ADJ:pos,m,4483
affectueux,affectueux,ADJ,,4484
la spécialité,spécialité,NOM,f,4485
marin,marin,ADJ,,4486
gravir,gravir,VER,,4487
une conserve,conserve,NOM,f,4488
une évasion,évasion,NOM,f,4489
la procédure,procédure,NOM,f,4490
avide,avide,ADJ,,4491
tombé,tombé,VER,,4492
une épave,épave,NOM,f,4493
la biche,biche,NOM,f,4494
une écurie,écurie,NOM,f,4495
la case,case,NOM,f,4496
convertir,convertir,VER,,4497
successif,successif,ADJ,,4498
le cafard,cafard,ADJ,m,4499
le virage,virage,NOM,m,4500
la préférence,préférence,NOM,f,4501
réconcilier,réconcilier,VER,,4502
librement,librement,ADV,,4503
insinuer,insinuer,VER,,4504
natal,natal,ADJ,,4505
un arrangement,arrangement,NOM,m,4506
la clairière,clairière,NOM,f,4507
démissionner,démissionner,VER,,4508
la splendeur,splendeur,NOM,f,4509
un dingue,dingue,ADJ,m,4510
un emplacement,emplacement,NOM,m,4511
le tourment,tourment,NOM,m,4512
incarner,incarner,VER,,4513
une vingtaine,vingtaine,NOM,f,4514
la moquette,moquette,NOM,f,4515
usé,usé,VER,,4516
la grenouille,grenouille,NOM,f,4517
un cliché,cliché,VER,m,4518
déchaîner,déchaîner,VER,,4519
subit,subit,VER,,4520
la fente,fente,NOM,f,4521
sournois,sournois,ADJ,,4522
terrestre,terrestre,ADJ,,4523
la catégorie,catégorie,NOM,f,4524
le porteur,porteur,ADJ,m,4525
un amiral,amiral,ADJ,m,4526
bombarder,bombarder,VER,,4527
le perron,perron,NOM,m,4528
la trompette,trompette,NOM,f,4529
valable,valable,ADJ,,4530
le prestige,prestige,NOM,m,4531
le vote,vote,NOM,m,4532
une académie,académie,NOM,f,4533
enrichir,enrichir,VER,,4534
les menottes,menottes,NOM,,4535
capter,capter,VER,,4536
le bisou,bisou,NOM,m,4537
au fur et à mesure,au fur et à mesure,,,4538
imprégner,imprégner,VER,,4539
le cierge,cierge,NOM,m,4540
répliquer,répliquer,VER,,4541
la casse,casse,NOM,f,4542
la concession,concession,NOM,f,4543
le zinc,zinc,NOM,m,4544
la vieillesse,vieillesse,NOM,f,4545
révolutionnaire,révolutionnaire,ADJ,,4546
harceler,harceler,VER,,4547
indigne,indigne,ADJ,,4548
une moue,moue,NOM,f,4549
une fusée,fusée,VER,f,4550
rafraîchir,rafraîchir,VER,,4551
une hostilité,hostilité,NOM,f,4552
la bénédiction,bénédiction,NOM,f,4553
une installation,installation,NOM,f,4554
alerter,alerter,VER,,4555
le rez-de-chaussée,rez-de-chaussée,NOM,m,4556
régaler,régaler,VER,,4557
la cavalerie,cavalerie,NOM,f,4558
rauque,rauque,ADJ,,4559
une description,description,NOM,f,4560
le record,record,NOM,m,4561
le tournage,tournage,NOM,m,4562
artificiel,artificiel,ADJ,,4563
compléter,compléter,VER,,4564
une agonie,agonie,NOM,f,4565
un catholique,catholique,ADJ,m,4566
une perruque,perruque,NOM,f,4567
une étincelle,étincelle,VER,f,4568
émouvant,émouvant,ADJ,,4569
une berge,berge,NOM,f,4570
aboyer,aboyer,VER,,4571
s'exclamer,exclamer,VER,,4572
un condamné,condamné,VER,m,4573
médiocre,médiocre,ADJ,,4574
un pacha,pacha,NOM,m,4575
la rentrée,rentrée,VER,f,4576
une correspondance,correspondance,NOM,f,4577
une musette,musette,NOM,f,4578
la vigueur,vigueur,NOM,f,4579
démontrer,démontrer,VER,,4580
sauf,sauf,ADJ,,4581
activer,activer,VER,,4582
contrairement,contrairement,ADV,,4583
flairer,flairer,VER,,4584
le recul,recul,NOM,m,4585
la cuillère,cuillère,NOM,f,4586
engouffrer,engouffrer,VER,,4587
insignifiant,insignifiant,ADJ,,4588
une saute,saute,NOM,f,4589
calmement,calmement,ADV,,4590
subsister,subsister,VER,,4591
s'épanouir,épanouir,VER,,4592
une étreinte,étreinte,VER,f,4593
couvert,couvert,ADJ,,4594
dessécher,dessécher,VER,,4595
refroidir,refroidir,VER,,4596
le testament,testament,NOM,m,4597
impuissant,impuissant,ADJ,,4598
un avertissement,avertissement,NOM,m,4599
une impuissance,impuissance,NOM,f,4600
une tartine,tartine,NOM,f,4601
le terroriste,terroriste,ADJ,m,4602
économiser,économiser,VER,,4603
le banquier,banquier,NOM,m,4604
le cendrier,cendrier,NOM,m,4605
invoquer,invoquer,VER,,4606
persister,persister,VER,,4607
le vacarme,vacarme,NOM,m,4608
une agression,agression,NOM,f,4609
le lustre,lustre,NOM,m,4610
le souhait,souhait,NOM,m,4611
embaucher,embaucher,VER,,4612
formuler,formuler,VER,,4613
une écharpe,écharpe,NOM,f,4614
marron,marron,ADJ,,4615
la mouette,mouette,NOM,f,4616
pascal,pascal,ADJ,,4617
la fusillade,fusillade,NOM,f,4618
raisonner,raisonner,VER,,4619
la tôle,tôle,NOM,f,4620
le rhum,rhum,NOM,m,4621
la résidence,résidence,NOM,f,4622
une abeille,abeille,NOM,f,4623
la brûlure,brûlure,NOM,f,4624
la comparaison,comparaison,NOM,f,4625
déchiré,déchiré,VER,,4626
têtu,têtu,ADJ,,4627
la concentration,concentration,NOM,f,4628
une humidité,humidité,NOM,f,4629
bizarrement,bizarrement,ADV,,4630
le minimum,minimum,ADJ,m,4631
passionné,passionné,VER,,4632
le raisin,raisin,NOM,m,4633
le barman,barman,NOM,m,4634
le pou,pou,NOM,m,4635
la lisière,lisière,NOM,f,4636
soucieux,soucieux,ADJ,,4637
une aviation,aviation,NOM,f,4638
la résolution,résolution,NOM,f,4639
consommer,consommer,VER,,4640
la mécanique,mécanique,ADJ,f,4641
la touffe,touffe,NOM,f,4642
conséquent,conséquent,ADJ,,4643
la secousse,secousse,NOM,f,4644
la monture,monture,NOM,f,4645
un orteil,orteil,NOM,m,4646
le palmier,palmier,NOM,m,4647
la récolte,récolte,NOM,f,4648
une indulgence,indulgence,NOM,f,4649
le torrent,torrent,NOM,m,4650
le montant,montant,ADJ,m,4651
redire,redire,VER,,4652
gaiement,gaiement,ADV,,4653
les débris,débris,NOM,,4654
la dépression,dépression,NOM,f,4655
flamber,flamber,VER,,4656
la sottise,sottise,NOM,f,4657
écrit,écrit,VER,,4658
stérile,stérile,ADJ,,4659
le détenu,détenu,VER,m,4660
soit,soit,ADV,,4661
la noblesse,noblesse,NOM,f,4662
la banane,banane,NOM,f,4663
étrangement,étrangement,ADV,,4664
égorger,égorger,VER,,4665
une application,application,NOM,f,4666
terrifiant,terrifiant,ADJ,,4667
la lassitude,lassitude,NOM,f,4668
la marine,marine,ADJ,f,4669
le semblable,semblable,ADJ,m,4670
le zoo,zoo,NOM,m,4671
rayer,rayer,VER,,4672
anniversaire,anniversaire,ADJ,,4673
le mendiant,mendiant,NOM,m,4674
le renard,renard,NOM,m,4675
la traversée,traversée,VER,f,4676
la mule,mule,NOM,f,4677
le sifflement,sifflement,NOM,m,4678
le retrait,retrait,VER,m,4680
poussiéreux,poussiéreux,ADJ,,4681
le producteur,producteur,ADJ,m,4682
le bouc,bouc,NOM,m,4683
déçu,déçu,VER,,4684
grotesque,grotesque,ADJ,,4685
patienter,patienter,VER,,4686
après-demain,après-demain,ADV,,4687
la balance,balance,NOM,f,4688
masser,masser,VER,,4689
veuf,veuf,ADJ,,4690
la permanence,permanence,NOM,f,4691
puant,puant,ADJ,,4692
savourer,savourer,VER,,4693
transpirer,transpirer,VER,,4694
oriental,oriental,ADJ,,4695
une oie,oie,NOM,f,4696
une écume,écume,NOM,f,4697
la proximité,proximité,NOM,f,4698
maudire,maudire,VER,,4699
le squelette,squelette,NOM,m,4700
volant,volant,ADJ,,4701
inouï,inouï,ADJ,,4702
un oxygène,oxygène,NOM,m,4703
les entrailles,entrailles,NOM,,4704
la caravane,caravane,NOM,f,4705
le faible,faible,ADJ,m,4706
broder,broder,VER,,4707
le contour,contour,NOM,m,4708
une invasion,invasion,NOM,f,4709
la coquille,coquille,NOM,f,4710
manipuler,manipuler,VER,,4711
payé,payé,VER,,4712
obligé,obligé,VER,,4713
récompenser,récompenser,VER,,4714
mauve,mauve,ADJ,,4715
un entrepôt,entrepôt,NOM,m,4716
la besogne,besogne,NOM,f,4717
loyal,loyal,ADJ,,4718
le reportage,reportage,NOM,m,4719
baser,baser,VER,,4720
comique,comique,ADJ,,4721
la sensibilité,sensibilité,NOM,f,4722
le biais,biais,ADJ,m,4723
la volée,volée,VER,f,4724
masculin,masculin,ADJ,,4725
la montée,montée,VER,f,4726
dévaler,dévaler,VER,,4727
chargé,chargé,VER,,4728
un aigle,aigle,NOM,m,4729
le développement,développement,NOM,m,4730
le surcroît,surcroît,NOM,m,4731
une épine,épine,NOM,f,4732
le coucou,coucou,NOM,m,4733
le veston,veston,NOM,m,4734
le poteau,poteau,NOM,m,4735
la pâtisserie,pâtisserie,NOM,f,4736
le képi,képi,NOM,m,4737
la mousson,mousson,NOM,f,4738
le gibier,gibier,NOM,m,4739
un cinglé,cinglé,VER,m,4740
le lacet,lacet,NOM,m,4741
une énigme,énigme,NOM,f,4742
aggraver,aggraver,VER,,4743
le réalisateur,réalisateur,NOM,m,4744
silencieusement,silencieusement,ADV,,4745
terne,terne,ADJ,,4746
une addition,addition,NOM,f,4747
forcé,forcé,VER,,4748
le vestiaire,vestiaire,NOM,m,4749
une orbite,orbite,NOM,f,4750
la technologie,technologie,NOM,f,4751
la trêve,trêve,NOM,f,4752
se fiancer,fiancer,VER,,4753
éventuel,éventuel,ADJ,,4754
la ferraille,ferraille,NOM,f,4755
la communion,communion,NOM,f,4757
s'accouder,accouder,VER,,4758
le colis,colis,NOM,m,4759
la distraction,distraction,NOM,f,4760
récolter,récolter,VER,,4762
le parrain,parrain,NOM,m,4763
engendrer,engendrer,VER,,4764
une intrigue,intrigue,NOM,f,4765
une négociation,négociation,NOM,f,4766
opposé,opposé,VER,,4767
un alibi,alibi,NOM,m,4768
une cape,cape,NOM,f,4769
flipper,flipper,NOM,,4770
un intéressant,intéressant,ADJ,m,4771
éternellement,éternellement,ADV,,4772
les archives,archives,NOM,,4773
enflammer,enflammer,VER,,4774
un projecteur,projecteur,NOM,m,4775
souterrain,souterrain,ADJ,,4776
le chômage,chômage,NOM,m,4777
un artifice,artifice,NOM,m,4778
la boxe,boxe,NOM,f,4779
un enregistrement,enregistrement,NOM,m,4780
un galon,galon,NOM,m,4781
le peloton,peloton,NOM,m,4782
croquer,croquer,VER,,4783
une marmite,marmite,NOM,f,4784
le supermarché,supermarché,NOM,m,4785
avancé,avancé,VER,,4786
le business,business,NOM,m,4787
une indignation,indignation,NOM,f,4788
scruter,scruter,VER,,4789
le budget,budget,NOM,m,4790
critiquer,critiquer,VER,,4791
dorer,dorer,VER,,4792
instruire,instruire,VER,,4793
le magicien,magicien,NOM,m,4794
joint,joint,VER,,4795
qualifier,qualifier,VER,,4796
brosser,brosser,VER,,4797
la culpabilité,culpabilité,NOM,f,4798
le débarquement,débarquement,NOM,m,4799
la poutre,poutre,NOM,f,4800
épuisé,épuisé,VER,,4801
officiellement,officiellement,ADV,,4802
sur-le-champ,sur-le-champ,ADV,,4803
glacial,glacial,ADJ,,4804
le gravier,gravier,NOM,m,4805
le harem,harem,NOM,m,4806
le pic,pic,NOM,m,4807
la chandelle,chandelle,NOM,f,4808
le merveilleux,merveilleux,ADJ,m,4809
le partisan,partisan,ADJ,m,4810
la survie,survie,NOM,f,4811
la quarantaine,quarantaine,NOM,f,4812
tapoter,tapoter,VER,,4813
la trousse,trousse,NOM,f,4814
la générosité,générosité,NOM,f,4815
chantonner,chantonner,VER,,4816
adosser,adosser,VER,,4817
le savant,savant,ADJ,m,4818
un architecte,architecte,NOM,m,4819
un hélicoptère,hélicoptère,NOM,m,4820
le roseau,roseau,NOM,m,4821
la référence,référence,NOM,f,4822
le local,local,ADJ,m,4823
le dortoir,dortoir,NOM,m,4824
un organisme,organisme,NOM,m,4825
une élite,élite,NOM,f,4826
assuré,assuré,VER,,4827
la coque,coque,NOM,f,4828
une enseigne,enseigne,NOM,f,4829
poignarder,poignarder,VER,,4830
un écureuil,écureuil,NOM,m,4831
la collaboration,collaboration,NOM,f,4832
le peigne,peigne,NOM,m,4833
suer,suer,VER,,4834
la sérénité,sérénité,NOM,f,4835
embrouiller,embrouiller,VER,,4836
le fourneau,fourneau,NOM,m,4837
le coma,coma,NOM,m,4838
empiler,empiler,VER,,4839
farouche,farouche,ADJ,,4840
le marais,marais,NOM,m,4841
gaspiller,gaspiller,VER,,4842
le lézard,lézard,NOM,m,4843
un Polonais,Polonais,ADJ,m,4844
blanchir,blanchir,VER,,4845
roulant,roulant,ADJ,,4846
le sous-marin,sous-marin,ADJ,m,4847
esquisser,esquisser,VER,,4848
le jardinier,jardinier,NOM,m,4849
africain,africain,ADJ,,4850
le toucher,toucher,NOM,m,4851
trébucher,trébucher,VER,,4852
faiblement,faiblement,ADV,,4853
célibataire,célibataire,ADJ,,4854
expulser,expulser,VER,,4855
obscène,obscène,ADJ,,4856
la paye,paye,NOM,f,4857
la crêpe,crêpe,NOM,f,4858
le bourg,bourg,NOM,m,4859
le décès,décès,NOM,m,4860
gardien,gardien,ADJ,,4861
garnir,garnir,VER,,4862
la compassion,compassion,NOM,f,4863
le cordon,cordon,NOM,m,4864
mobile,mobile,ADJ,,4865
physiquement,physiquement,ADV,,4866
un missile,missile,NOM,m,4867
accentuer,accentuer,VER,,4868
brailler,brailler,VER,,4869
la colle,colle,NOM,f,4870
pieux,pieux,ADJ,,4871
puiser,puiser,VER,,4872
combattant,combattant,ADJ,,4873
une impasse,impasse,NOM,f,4874
un embarras,embarras,NOM,m,4875
la garantie,garantie,ADJ,f,4876
le brigadier,brigadier,NOM,m,4877
inhabituel,inhabituel,ADJ,,4878
la fondation,fondation,NOM,f,4879
imprévisible,imprévisible,ADJ,,4880
advenir,advenir,VER,,4881
parent,parent,VER,,4882
résolu,résolu,ADJ,,4884
sordide,sordide,ADJ,,4885
séduisant,séduisant,VER,,4886
nucléaire,nucléaire,ADJ,,4887
la pauvreté,pauvreté,NOM,f,4888
le verrou,verrou,NOM,m,4889
mâcher,mâcher,VER,,4890
piloter,piloter,VER,,4891
cinquième,cinquième,ADJ,,4892
insensible,insensible,ADJ,,4893
la lessive,lessive,NOM,f,4894
le nécessaire,nécessaire,ADJ,m,4895
chaleureux,chaleureux,ADJ,,4896
le gentleman,gentleman,NOM,m,4897
la pommette,pommette,NOM,f,4898
le comédien,comédien,ADJ,m,4899
débuter,débuter,VER,,4900
endurer,endurer,VER,,4901
le naturel,naturel,ADJ,m,4902
un édifice,édifice,NOM,m,4903
incruster,incruster,VER,,4904
le gouffre,gouffre,NOM,m,4905
paternel,paternel,ADJ,,4906
une exaltation,exaltation,NOM,f,4907
primitif,primitif,ADJ,,4908
une inspection,inspection,NOM,f,4909
fascinant,fascinant,ADJ,,4910
relatif,relatif,ADJ,,4911
la toux,toux,NOM,f,4912
le coca,coca,NOM,m,4913
la facilité,facilité,VER,f,4914
gluant,gluant,ADJ,,4915
latin,latin,ADJ,,4916
la pyramide,pyramide,NOM,f,4917
le rectangle,rectangle,ADJ,m,4918
le supplice,supplice,NOM,m,4919
bavard,bavard,ADJ,,4920
le messager,messager,NOM,m,4921
la morgue,morgue,NOM,f,4922
touchant,touchant,ADJ,,4923
convaincu,convaincu,VER,,4924
élémentaire,élémentaire,ADJ,,4925
une vibration,vibration,NOM,f,4926
complexe,complexe,ADJ,,4927
la brise,brise,NOM,f,4928
moite,moite,ADJ,,4929
un pétard,pétard,NOM,m,4930
la caverne,caverne,NOM,f,4931
un ail,ail,NOM,m,4932
le court,court,VER,m,4933
rêveur,rêveur,ADJ,,4934
sportif,sportif,ADJ,,4935
la sûreté,sûreté,NOM,f,4936
un éclairage,éclairage,NOM,m,4937
la bouchée,bouchée,VER,f,4938
fâché,fâché,VER,,4939
la méchanceté,méchanceté,NOM,f,4940
socialiste,socialiste,ADJ,,4941
un are,are,NOM,m,4942
un orphelin,orphelin,ADJ,m,4943
plisser,plisser,VER,,4944
la sentinelle,sentinelle,NOM,f,4945
susceptible,susceptible,ADJ,,4946
le triangle,triangle,NOM,m,4947
un pressentiment,pressentiment,NOM,m,4948
une girl,girl,NOM,f,4949
interpeller,interpeller,VER,,4950
la locomotive,locomotive,ADJ,f,4951
le requin,requin,NOM,m,4952
réapparaître,réapparaître,VER,,4953
impeccable,impeccable,ADJ,,4954
la stratégie,stratégie,NOM,f,4955
râler,râler,VER,,4956
la jument,jument,NOM,f,4957
le pourboire,pourboire,NOM,m,4958
droguer,droguer,VER,,4959
le fauve,fauve,ADJ,m,4960
fade,fade,ADJ,,4961
une altesse,altesse,NOM,f,4962
stupéfait,stupéfait,ADJ,,4963
ému,ému,VER,,4964
meurtrier,meurtrier,ADJ,,4965
le culot,culot,NOM,m,4966
la délicatesse,délicatesse,NOM,f,4967
monotone,monotone,ADJ,,4968
la priorité,priorité,NOM,f,4969
vertical,vertical,ADJ,,4970
un éventail,éventail,NOM,m,4971
le complot,complot,NOM,m,4972
le rabbin,rabbin,NOM,m,4974
sangloter,sangloter,VER,,4975
le galet,galet,NOM,m,4976
le maquis,maquis,NOM,m,4977
une aisance,aisance,NOM,f,4978
neutre,neutre,ADJ,,4979
le ballet,ballet,NOM,m,4980
prodigieux,prodigieux,ADJ,,4981
chausser,chausser,VER,,4982
détailler,détailler,VER,,4983
une clope,clope,NOM,f,4984
foirer,foirer,VER,,4985
un horaire,horaire,ADJ,m,4986
la prunelle,prunelle,NOM,f,4987
promis,promis,VER,,4988
la mare,mare,NOM,f,4989
la finance,finance,NOM,f,4990
la dune,dune,NOM,f,4991
honnêtement,honnêtement,ADV,,4992
inciter,inciter,VER,,4993
le gangster,gangster,NOM,m,4994
un enseignement,enseignement,NOM,m,4995
une opposition,opposition,NOM,f,4996
difficilement,difficilement,ADV,,4997
la frappe,frappe,NOM,f,4998
un jean,jean,NOM,m,4999
la crasse,crasse,NOM,f,5000
le pèlerin,pèlerin,NOM,m,5001
chauve,chauve,ADJ,,5002
emprisonner,emprisonner,VER,,5003
le coucher,coucher,NOM,m,5004
la lady,lady,NOM,f,5005
furtif,furtif,ADJ,,5006
secondaire,secondaire,ADJ,,5007
le mollet,mollet,ADJ,m,5008
le boxeur,boxeur,NOM,m,5009
la clôture,clôture,NOM,f,5010
louche,louche,ADJ,,5011
une trentaine,trentaine,NOM,f,5012
le lambeau,lambeau,NOM,m,5013
le mythe,mythe,NOM,m,5014
la préparation,préparation,NOM,f,5015
une adolescence,adolescence,NOM,f,5016
le châtiment,châtiment,NOM,m,5017
une hôtesse,hôtesse,NOM,f,5018
néanmoins,néanmoins,ADV,,5019
sculpter,sculpter,VER,,5020
le puzzle,puzzle,NOM,m,5021
abominable,abominable,ADJ,,5022
un autre,autre,ADJ,m,5023
charrier,charrier,VER,,5024
la pendule,pendule,NOM,f,5025
un armistice,armistice,NOM,m,5026
munir,munir,VER,,5027
une protestation,protestation,NOM,f,5028
le corsage,corsage,NOM,m,5029
arrondir,arrondir,VER,,5030
le béret,béret,NOM,m,5031
le galop,galop,NOM,m,5032
matinal,matinal,ADJ,,5033
une halte,halte,NOM,f,5034
le dauphin,dauphin,NOM,m,5035
lourdement,lourdement,ADV,,5036
nature,nature,ADJ,,5037
le tonneau,tonneau,NOM,m,5038
copier,copier,VER,,5039
le déplacement,déplacement,NOM,m,5040
une nausée,nausée,NOM,f,5041
la blancheur,blancheur,NOM,f,5042
correctement,correctement,ADV,,5043
un disparu,disparu,VER,m,5044
la craie,craie,NOM,f,5045
reparaître,reparaître,VER,,5046
submerger,submerger,VER,,5047
consumer,consumer,VER,,5048
dédier,dédier,VER,,5049
galoper,galoper,VER,,5050
le boyau,boyau,NOM,m,5051
la structure,structure,NOM,f,5052
accommoder,accommoder,VER,,5053
aplatir,aplatir,VER,,5054
chevaucher,chevaucher,VER,,5055
une carcasse,carcasse,NOM,f,5056
le capital,capital,ADJ,m,5059
grouper,grouper,VER,,5060
judiciaire,judiciaire,ADJ,,5061
froncer,froncer,VER,,5062
la planque,planque,NOM,f,5063
la cantine,cantine,NOM,f,5064
le fourgon,fourgon,NOM,m,5065
la traduction,traduction,NOM,f,5066
gouverner,gouverner,VER,,5067
modèle,modèle,VER,,5068
agresser,agresser,VER,,5069
un coco,coco,NOM,m,5070
une intensité,intensité,NOM,f,5071
débiter,débiter,VER,,5072
la pige,pige,NOM,f,5073
pâlir,pâlir,VER,,5074
une humilité,humilité,NOM,f,5075
la migraine,migraine,NOM,f,5076
le processus,processus,NOM,m,5077
la parade,parade,NOM,f,5078
une réparation,réparation,NOM,f,5079
tutoyer,tutoyer,VER,,5080
le boulanger,boulanger,NOM,m,5081
les applaudissements,applaudissements,NOM,,5082
une architecture,architecture,NOM,f,5083
éloigné,éloigné,VER,,5084
kidnapper,kidnapper,VER,,5085
la fouille,fouille,NOM,f,5086
un ravin,ravin,NOM,m,5087
battu,battu,VER,,5088
une présentation,présentation,NOM,f,5089
rituel,rituel,ADJ,,5090
solliciter,solliciter,VER,,5091
une délégation,délégation,NOM,f,5092
tendrement,tendrement,ADV,,5093
discerner,discerner,VER,,5094
une gerbe,gerbe,NOM,f,5095
tracasser,tracasser,VER,,5096
une épicerie,épicerie,NOM,f,5097
dissoudre,dissoudre,VER,,5098
durement,durement,ADV,,5099
effrayé,effrayé,VER,,5100
froisser,froisser,VER,,5101
le cadet,cadet,ADJ,m,5102
secrètement,secrètement,ADV,,5103
somptueux,somptueux,ADJ,,5104
canon,canon,ADJ,,5105
fréquent,fréquent,ADJ,,5106
tricoter,tricoter,VER,,5107
s'avérer,avérer,VER,,5108
un Gitan,Gitan,ADJ,m,5109
littéralement,littéralement,ADV,,5110
un réfugié,réfugié,VER,m,5111
blême,blême,ADJ,,5112
la cadence,cadence,NOM,f,5113
gonflé,gonflé,VER,,5114
un nichon,nichon,NOM,m,5115
un dirigeant,dirigeant,ADJ,m,5116
domestique,domestique,ADJ,,5117
déserter,déserter,VER,,5118
exhiber,exhiber,VER,,5119
un fourré,fourré,VER,m,5120
la transmission,transmission,NOM,f,5121
vitré,vitré,VER,,5122
automatique,automatique,ADJ,,5123
conférer,conférer,VER,,5124
filtrer,filtrer,VER,,5125
crétin,crétin,ADJ,,5126
bousiller,bousiller,VER,,5127
le chantage,chantage,NOM,m,5128
la détente,détente,NOM,f,5129
la jouissance,jouissance,NOM,f,5130
le remous,remous,NOM,m,5131
s'affairer,affairer,VER,,5132
rallier,rallier,VER,,5133
le bienvenu,bienvenu,ADJ,m,5134
le délégué,délégué,VER,m,5135
une insistance,insistance,NOM,f,5136
encercler,encercler,VER,,5137
une suggestion,suggestion,NOM,f,5138
un chef-d'œuvre,chef-d'œuvre,,m,5139
la licence,licence,NOM,f,5140
policier,policier,ADJ,,5141
quitte,quitte,ADJ,,5142
le roux,roux,ADJ,m,5143
le globe,globe,NOM,m,5144
le grondement,grondement,NOM,m,5145
une bûche,bûche,NOM,f,5146
la tuile,tuile,NOM,f,5147
tournoyer,tournoyer,VER,,5148
la couture,couture,NOM,f,5149
emménager,emménager,VER,,5150
pendant,pendant,ADJ,,5151
un reçu,reçu,VER,m,5152
réconforter,réconforter,VER,,5153
un baby,baby,NOM,m,5154
un collaborateur,collaborateur,NOM,m,5155
piller,piller,VER,,5156
égoïste,égoïste,ADJ,,5157
le clocher,clocher,NOM,m,5158
le symptôme,symptôme,NOM,m,5159
trouer,trouer,VER,,5160
un évier,évier,NOM,m,5161
impitoyable,impitoyable,ADJ,,5162
une indication,indication,NOM,f,5163
se rasseoir,rasseoir,VER,,5164
un interlocuteur,interlocuteur,NOM,m,5165
héroïque,héroïque,ADJ,,5166
improviser,improviser,VER,,5167
le préfet,préfet,NOM,m,5168
un scientifique,scientifique,ADJ,m,5169
alourdir,alourdir,VER,,5170
la gratitude,gratitude,NOM,f,5171
allongé,allongé,VER,,5172
la passerelle,passerelle,NOM,f,5173
le bougre,bougre,NOM,m,5174
mondain,mondain,ADJ,,5175
radieux,radieux,ADJ,,5176
la cascade,cascade,NOM,f,5177
farcir,farcir,VER,,5178
passionnant,passionnant,ADJ,,5179
solaire,solaire,ADJ,,5180
la baisse,baisse,NOM,f,5181
le boss,boss,NOM,m,5182
paysan,paysan,ADJ,,5183
le craquement,craquement,NOM,m,5184
la rame,rame,NOM,f,5185
la conception,conception,NOM,f,5186
la mallette,mallette,NOM,f,5187
distrait,distrait,VER,,5188
une enceinte,enceinte,ADJ,f,5189
parallèle,parallèle,ADJ,,5190
imperceptible,imperceptible,ADJ,,5191
se lover,lover,VER,,5192
la saveur,saveur,NOM,f,5193
prédire,prédire,VER,,5194
la proportion,proportion,NOM,f,5195
la constitution,constitution,NOM,f,5196
la compréhension,compréhension,NOM,f,5197
bêtement,bêtement,ADV,,5198
empirer,empirer,VER,,5199
la dépense,dépense,NOM,f,5200
serein,serein,ADJ,,5201
inoffensif,inoffensif,ADJ,,5202
le ver,ver,ADJ,m,5203
le solde,solde,NOM,m,5204
blâmer,blâmer,VER,,5205
orienter,orienter,VER,,5206
paresseux,paresseux,ADJ,,5207
le scotch,scotch,NOM,m,5208
le bazar,bazar,NOM,m,5209
la bâche,bâche,NOM,f,5210
durcir,durcir,VER,,5211
escorter,escorter,VER,,5212
culturel,culturel,ADJ,,5213
se repentir,repentir,NOM,,5214
le sortir,sortir,NOM,m,5215
souper,souper,NOM,,5216
tripoter,tripoter,VER,,5217
le principal,principal,ADJ,m,5218
un effroi,effroi,NOM,m,5219
soûl,soûl,ADJ,,5220
vulnérable,vulnérable,ADJ,,5221
équiper,équiper,VER,,5222
localiser,localiser,VER,,5223
dériver,dériver,VER,,5224
un Britannique,Britannique,ADJ,m,5225
le claquement,claquement,NOM,m,5226
la tranquillité,tranquillité,NOM,f,5227
fédéral,fédéral,ADJ,,5228
manœuvrer,manœuvrer,,,5229
le manoir,manoir,NOM,m,5230
éparpiller,éparpiller,VER,,5231
les bretelles,bretelles,NOM,,5232
enjamber,enjamber,VER,,5233
enfoiré,enfoiré,ADJ,,5234
la condamnation,condamnation,NOM,f,5235
exalter,exalter,VER,,5236
nullement,nullement,ADV,,5237
argent,argent,ADJ,,5238
lucide,lucide,ADJ,,5239
le répit,répit,NOM,m,5240
le tricot,tricot,NOM,m,5241
infâme,infâme,ADJ,,5242
couver,couver,VER,,5243
la nudité,nudité,NOM,f,5244
revenu,revenu,VER,,5245
une bribe,bribe,NOM,f,5246
contracter,contracter,VER,,5247
assombrir,assombrir,VER,,5248
rincer,rincer,VER,,5249
décréter,décréter,VER,,5250
le relais,relais,NOM,m,5251
le zèle,zèle,NOM,m,5252
la douane,douane,NOM,f,5253
le carrelage,carrelage,NOM,m,5254
la consolation,consolation,NOM,f,5255
miser,miser,VER,,5256
le voisinage,voisinage,NOM,m,5257
restaurer,restaurer,VER,,5258
la librairie,librairie,NOM,f,5259
une ressemblance,ressemblance,NOM,f,5260
guerrier,guerrier,ADJ,,5261
colonial,colonial,ADJ,,5262
le logis,logis,NOM,m,5263
un fantasme,fantasme,NOM,m,5264
flottant,flottant,ADJ,,5265
la piaule,piaule,NOM,f,5266
intolérable,intolérable,ADJ,,5267
le raisonnement,raisonnement,NOM,m,5268
une idole,idole,NOM,f,5269
la porcelaine,porcelaine,NOM,f,5270
viril,viril,ADJ,,5271
inerte,inerte,ADJ,,5272
le jazz,jazz,NOM,m,5273
salé,salé,VER,,5274
évaluer,évaluer,VER,,5275
avant-hier,avant-hier,ADV,,5276
flinguer,flinguer,VER,,5277
la souche,souche,NOM,f,5278
une cuvette,cuvette,NOM,f,5279
porteur,porteur,ADJ,,5280
révolter,révolter,VER,,5281
posé,posé,VER,,5282
un égout,égout,NOM,m,5283
la commode,commode,ADJ,f,5284
le désarroi,désarroi,NOM,m,5285
pitoyable,pitoyable,ADJ,,5286
le tatouage,tatouage,NOM,m,5287
le feutre,feutre,NOM,m,5288
un astre,astre,NOM,m,5289
borner,borner,VER,,5290
la carotte,carotte,ADJ,f,5291
la scie,scie,NOM,f,5292
une offensive,offensive,ADJ,f,5293
arrêté,arrêté,VER,,5294
le ravitaillement,ravitaillement,NOM,m,5295
le préjugé,préjugé,VER,m,5296
damer,damer,VER,,5297
détaché,détaché,VER,,5298
la moule,moule,NOM,f,5299
le satellite,satellite,NOM,m,5300
perturber,perturber,VER,,5301
la gamelle,gamelle,NOM,f,5302
la cartouche,cartouche,NOM,f,5303
percher,percher,VER,,5304
le roc,roc,NOM,m,5306
le taillis,taillis,NOM,m,5307
la cerise,cerise,ADJ,f,5308
accompli,accompli,ADJ,,5309
digérer,digérer,VER,,5310
présider,présider,VER,,5311
égaré,égaré,VER,,5312
anormal,anormal,ADJ,,5313
éblouissant,éblouissant,VER,,5314
un escargot,escargot,NOM,m,5315
miner,miner,VER,,5316
mourant,mourant,ADJ,,5317
une aurore,aurore,NOM,f,5318
ajuster,ajuster,VER,,5319
le devant,devant,ADV,m,5320
suisse,suisse,ADJ,,5321
irréel,irréel,ADJ,,5322
le confrère,confrère,NOM,m,5323
le fardeau,fardeau,NOM,m,5324
marmonner,marmonner,VER,,5325
prêcher,prêcher,VER,,5326
agité,agité,VER,,5327
la mitraillette,mitraillette,NOM,f,5328
placé,placé,VER,,5329
une extase,extase,NOM,f,5330
saouler,saouler,VER,,5331
s'aventurer,aventurer,VER,,5332
une cure,cure,NOM,f,5333
la provocation,provocation,NOM,f,5334
roman,roman,ADJ,,5335
portant,portant,ADJ,,5336
le baptême,baptême,NOM,m,5337
déformer,déformer,VER,,5338
le gérant,gérant,NOM,m,5339
une égalité,égalité,NOM,f,5340
alimenter,alimenter,VER,,5341
la rédaction,rédaction,NOM,f,5342
un précédent,précédent,ADJ,m,5343
les condoléances,condoléances,NOM,,5344
foncé,foncé,VER,,5345
animé,animé,VER,,5346
croître,croître,VER,,5347
monté,monté,VER,,5348
le bétail,bétail,NOM,m,5349
se cramponner,cramponner,VER,,5350
atténuer,atténuer,VER,,5351
chimique,chimique,ADJ,,5352
une attraction,attraction,NOM,f,5353
le ciné,ciné,NOM,m,5354
la combine,combine,NOM,f,5355
la paresse,paresse,NOM,f,5356
reconstruire,reconstruire,VER,,5357
s'affaler,affaler,VER,,5358
la contradiction,contradiction,NOM,f,5359
la propagande,propagande,NOM,f,5360
la préoccupation,préoccupation,NOM,f,5361
la menthe,menthe,NOM,f,5362
le rituel,rituel,ADJ,m,5363
une anecdote,anecdote,NOM,f,5364
la sculpture,sculpture,NOM,f,5365
se rhabiller,rhabiller,VER,,5366
tressaillir,tressaillir,VER,,5367
la croupe,croupe,NOM,f,5368
tabasser,tabasser,VER,,5369
le chandail,chandail,NOM,m,5370
alerte,alerte,ADJ,,5371
le complet,complet,ADJ,m,5372
insolent,insolent,NOM,,5373
le joint,joint,VER,m,5374
le mark,mark,NOM,m,5375
le curieux,curieux,ADJ,m,5376
la moyenne,moyenne,ADJ,f,5377
inverse,inverse,ADJ,,5378
la correction,correction,NOM,f,5379
un hymne,hymne,NOM,m,5380
intéressé,intéressé,VER,,5381
lamentable,lamentable,ADJ,,5382
mouvant,mouvant,ADJ,,5383
le préféré,préféré,VER,m,5384
le rival,rival,ADJ,m,5385
mouvoir,mouvoir,VER,,5386
le mécanisme,mécanisme,NOM,m,5387
un olivier,olivier,NOM,m,5388
déguster,déguster,VER,,5389
le transfert,transfert,NOM,m,5390
cérébral,cérébral,ADJ,,5391
un débile,débile,ADJ,m,5392
désespérément,désespérément,ADV,,5393
répugner,répugner,VER,,5394
tiré,tiré,VER,,5395
la ronce,ronce,NOM,f,5396
intégrer,intégrer,VER,,5397
la valse,valse,NOM,f,5398
scier,scier,VER,,5399
palper,palper,VER,,5400
une étable,étable,NOM,f,5401
contredire,contredire,VER,,5402
le cygne,cygne,NOM,m,5403
le vif,vif,ADJ,m,5404
décliner,décliner,VER,,5405
le sanglier,sanglier,NOM,m,5406
le chapelet,chapelet,NOM,m,5407
limpide,limpide,ADJ,,5408
resserrer,resserrer,VER,,5409
le verger,verger,NOM,m,5410
broncher,broncher,VER,,5411
la grappe,grappe,NOM,f,5412
nazi,nazi,ADJ,,5413
le manuel,manuel,ADJ,m,5414
les frites,frites,ADJ,,5415
un heureux,heureux,ADJ,m,5416
turc,turc,ADJ,,5417
sensuel,sensuel,ADJ,,5418
un clochard,clochard,NOM,m,5419
orange,orange,ADJ,,5420
psychologique,psychologique,ADJ,,5421
un original,original,ADJ,m,5422
curieusement,curieusement,ADV,,5424
un rebelle,rebelle,ADJ,m,5425
chiant,chiant,ADJ,,5426
la faillite,faillite,NOM,f,5427
vaciller,vaciller,VER,,5428
à mi-voix,à mi-voix,,,5429
grandiose,grandiose,ADJ,,5430
maigrir,maigrir,VER,,5431
une algue,algue,NOM,f,5432
la volupté,volupté,NOM,f,5433
le poker,poker,NOM,m,5434
suspendu,suspendu,VER,,5435
jumeau,jumeau,ADJ,,5436
le sang-froid,sang-froid,NOM,m,5437
le tempérament,tempérament,NOM,m,5438
accroître,accroître,VER,,5439
le maquereau,maquereau,NOM,m,5440
le naufrage,naufrage,NOM,m,5441
protecteur,protecteur,ADJ,,5442
un itinéraire,itinéraire,NOM,m,5443
tituber,tituber,VER,,5444
atomique,atomique,ADJ,,5445
le brouhaha,brouhaha,NOM,m,5446
hérisser,hérisser,VER,,5447
mineur,mineur,ADJ,,5448
le recoin,recoin,NOM,m,5449
le grade,grade,NOM,m,5450
stable,stable,ADJ,,5451
mat,mat,ADJ,,5452
plaisant,plaisant,VER,,5453
le prodige,prodige,NOM,m,5454
démonter,démonter,VER,,5455
le lointain,lointain,ADJ,m,5456
errant,errant,ADJ,,5457
le mi,mi,NOM,m,5458
tué,tué,VER,,5459
la garnison,garnison,NOM,f,5460
le mauvais,mauvais,ADJ,m,5461
le rappel,rappel,NOM,m,5462
le corbeau,corbeau,NOM,m,5463
le cube,cube,NOM,m,5464
une infirmerie,infirmerie,NOM,f,5465
s'empresser,empresser,VER,,5466
une potion,potion,NOM,f,5467
un adjoint,adjoint,VER,m,5468
diabolique,diabolique,ADJ,,5469
le froc,froc,NOM,m,5470
mijoter,mijoter,VER,,5471
une nourrice,nourrice,NOM,f,5472
se blottir,blottir,VER,,5473
la mafia,mafia,NOM,f,5474
aménager,aménager,VER,,5475
le soutien-gorge,soutien-gorge,NOM,m,5476
une irruption,irruption,NOM,f,5477
affaiblir,affaiblir,VER,,5478
une croyance,croyance,NOM,f,5479
le museau,museau,NOM,m,5480
pilote,pilote,ADJ,,5481
confiant,confiant,ADJ,,5482
le réservoir,réservoir,NOM,m,5483
un militant,militant,ADJ,m,5484
conjugal,conjugal,ADJ,,5485
étincelant,étincelant,ADJ,,5486
le crocodile,crocodile,NOM,m,5487
déprimer,déprimer,VER,,5488
pécher,pécher,VER,,5489
la réforme,réforme,NOM,f,5490
sot,sot,ADJ,,5491
succomber,succomber,VER,,5492
le demi,demi,ADJ,m,5493
espionner,espionner,VER,,5494
distingué,distingué,VER,,5495
le platane,platane,NOM,m,5496
dispenser,dispenser,VER,,5497
la frange,frange,NOM,f,5498
le privé,privé,VER,m,5499
une incertitude,incertitude,NOM,f,5500
le leader,leader,NOM,m,5501
chatouiller,chatouiller,VER,,5502
une option,option,NOM,f,5503
le complexe,complexe,ADJ,m,5504
tenace,tenace,ADJ,,5505
industriel,industriel,ADJ,,5506
radical,radical,ADJ,,5507
river,river,VER,,5508
administratif,administratif,ADJ,,5509
le corridor,corridor,NOM,m,5510
une opportunité,opportunité,NOM,f,5511
la pellicule,pellicule,NOM,f,5512
se recroqueviller,recroqueviller,VER,,5513
le perroquet,perroquet,NOM,m,5514
la roulette,roulette,NOM,f,5515
le châle,châle,NOM,m,5516
le gagnant,gagnant,ADJ,m,5517
une escorte,escorte,NOM,f,5518
le volontaire,volontaire,ADJ,m,5519
confidentiel,confidentiel,ADJ,,5520
une faille,faille,NOM,f,5521
la modestie,modestie,NOM,f,5522
voleur,voleur,ADJ,,5523
le tumulte,tumulte,NOM,m,5524
une audition,audition,NOM,f,5525
diplomatique,diplomatique,ADJ,,5526
les funérailles,funérailles,NOM,,5527
un inconvénient,inconvénient,NOM,m,5528
quasiment,quasiment,ADV,,5529
le surnom,surnom,NOM,m,5530
adoucir,adoucir,VER,,5531
un attachement,attachement,NOM,m,5532
la braise,braise,NOM,f,5533
le caleçon,caleçon,NOM,m,5534
le dealer,dealer,NOM,m,5535
une olive,olive,ADJ,f,5536
la succession,succession,NOM,f,5537
un acide,acide,ADJ,m,5538
la brutalité,brutalité,NOM,f,5539
une allégresse,allégresse,NOM,f,5540
intituler,intituler,VER,,5541
suffoquer,suffoquer,VER,,5542
anxieux,anxieux,ADJ,,5543
la crosse,crosse,NOM,f,5544
balbutier,balbutier,VER,,5545
la faux,faux,ADJ,f,5546
la plate-forme,plate-forme,NOM,f,5547
le pétrin,pétrin,NOM,m,5548
aisément,aisément,ADV,,5549
articuler,articuler,VER,,5551
esclave,esclave,ADJ,,5552
le souper,souper,NOM,m,5553
la lâcheté,lâcheté,NOM,f,5554
une amende,amende,NOM,f,5555
un lycéen,lycéen,NOM,m,5556
rattacher,rattacher,VER,,5557
la récréation,récréation,NOM,f,5558
la torpeur,torpeur,NOM,f,5559
la bouillie,bouillie,ADJ,f,5560
déshonorer,déshonorer,VER,,5561
illustrer,illustrer,VER,,5562
multicolore,multicolore,ADJ,,5563
la pogne,pogne,NOM,f,5564
marchand,marchand,ADJ,,5565
scintiller,scintiller,VER,,5566
tisser,tisser,VER,,5567
une épidémie,épidémie,NOM,f,5568
bredouiller,bredouiller,VER,,5569
une aspirine,aspirine,NOM,f,5570
une formalité,formalité,NOM,f,5571
le team,team,,m,5572
malsain,malsain,ADJ,,5573
le verdict,verdict,NOM,m,5574
un esclavage,esclavage,NOM,m,5575
rebondir,rebondir,VER,,5576
antérieur,antérieur,ADJ,,5577
dorénavant,dorénavant,ADV,,5578
frayer,frayer,VER,,5579
le chignon,chignon,NOM,m,5580
la fibre,fibre,NOM,f,5581
le contrôleur,contrôleur,NOM,m,5582
dépourvoir,dépourvoir,,,5583
le melon,melon,NOM,m,5584
le bail,bail,NOM,m,5585
déverser,déverser,VER,,5586
grommeler,grommeler,VER,,5587
orphelin,orphelin,ADJ,,5588
triple,triple,ADJ,,5589
la brebis,brebis,NOM,f,5590
libéré,libéré,VER,,5591
la recommandation,recommandation,NOM,f,5592
la centrale,centrale,ADJ,f,5593
la légèreté,légèreté,NOM,f,5594
illustre,illustre,ADJ,,5595
le lever,lever,NOM,m,5596
les maths,maths,NOM,,5597
le pique,pique,NOM,m,5598
le moineau,moineau,NOM,m,5599
le sermon,sermon,NOM,m,5600
vaillant,vaillant,ADJ,,5601
la crevette,crevette,ADJ,f,5602
la bordure,bordure,NOM,f,5603
le consul,consul,NOM,m,5604
incessant,incessant,ADJ,,5605
le fichier,fichier,NOM,m,5606
une procession,procession,NOM,f,5607
la coke,coke,NOM,f,5608
le cycle,cycle,NOM,m,5609
le comté,comté,NOM,m,5610
le matelot,matelot,NOM,m,5611
une balade,balade,NOM,f,5612
la miséricorde,miséricorde,NOM,f,5613
le contraste,contraste,NOM,m,5614
infime,infime,ADJ,,5615
le kid,kid,NOM,m,5616
chanceux,chanceux,ADJ,,5617
amorcer,amorcer,VER,,5618
contaminer,contaminer,VER,,5619
le communisme,communisme,NOM,m,5620
une compétition,compétition,NOM,f,5621
la cote,cote,NOM,f,5622
saler,saler,VER,,5623
le pionnier,pionnier,NOM,m,5624
la gouttière,gouttière,NOM,f,5625
un insu,insu,NOM,m,5626
un axe,axe,NOM,m,5627
le sirop,sirop,NOM,m,5628
ingrat,ingrat,ADJ,,5629
une argile,argile,NOM,f,5630
la bourgeoisie,bourgeoisie,NOM,f,5631
battant,battant,ADJ,,5632
compenser,compenser,VER,,5633
dégringoler,dégringoler,VER,,5634
la quinzaine,quinzaine,NOM,f,5635
la tapisserie,tapisserie,NOM,f,5636
érotique,érotique,ADJ,,5637
entraver,entraver,VER,,5638
lourd,lourd,ADJ,,5639
les alentours,alentours,NOM,,5640
la parcelle,parcelle,NOM,f,5642
fondamental,fondamental,ADJ,,5643
la psychologie,psychologie,NOM,f,5644
la chirurgie,chirurgie,NOM,f,5645
le taux,taux,NOM,m,5646
une carabine,carabine,NOM,f,5647
une infanterie,infanterie,NOM,f,5648
inverser,inverser,VER,,5649
racler,racler,VER,,5650
respectable,respectable,ADJ,,5651
le bulletin,bulletin,NOM,m,5652
dénicher,dénicher,VER,,5653
le nettoyage,nettoyage,NOM,m,5654
excité,excité,VER,,5655
officier,officier,NOM,,5656
rallumer,rallumer,VER,,5657
un artisan,artisan,NOM,m,5658
une buée,buée,NOM,f,5659
le coureur,coureur,NOM,m,5660
un égal,égal,ADJ,m,5661
désarmer,désarmer,VER,,5662
le dictionnaire,dictionnaire,NOM,m,5663
le gendre,gendre,NOM,m,5664
un compatriote,compatriote,NOM,m,5665
expert,expert,ADJ,,5666
le noyau,noyau,NOM,m,5667
réussi,réussi,ADJ,,5668
daigner,daigner,VER,,5669
grand,grand,ADJ,,5670
réprimer,réprimer,VER,,5671
favoriser,favoriser,VER,,5672
la dureté,dureté,NOM,f,5673
le parapet,parapet,NOM,m,5674
le couturier,couturier,NOM,m,5675
grignoter,grignoter,VER,,5676
une autopsie,autopsie,NOM,f,5677
céleste,céleste,ADJ,,5678
différer,différer,VER,,5679
la gendarmerie,gendarmerie,NOM,f,5680
le rhume,rhume,NOM,m,5681
la sécheresse,sécheresse,NOM,f,5682
le sérail,sérail,NOM,m,5683
les grands-parents,grands-parents,NOM,,5684
le canot,canot,NOM,m,5685
la grippe,grippe,NOM,f,5686
un imperméable,imperméable,ADJ,m,5687
issu,issu,ADJ,,5688
un entourage,entourage,NOM,m,5689
un gaillard,gaillard,ADJ,m,5690
la gomme,gomme,NOM,f,5691
osciller,osciller,VER,,5692
redoubler,redoubler,VER,,5693
un aïeul,aïeul,NOM,m,5694
épater,épater,VER,,5695
une averse,averse,NOM,f,5696
dense,dense,ADJ,,5697
un escroc,escroc,NOM,m,5698
un vestibule,vestibule,NOM,m,5699
dénouer,dénouer,VER,,5700
la franchise,franchise,NOM,f,5701
le bled,bled,NOM,m,5702
la thérapie,thérapie,NOM,f,5703
doux,doux,ADJ,,5704
enrager,enrager,VER,,5705
monumental,monumental,ADJ,,5706
touché,touché,VER,,5707
miraculeux,miraculeux,ADJ,,5708
la déposition,déposition,NOM,f,5709
la teinte,teinte,ADJ,f,5710
se rendormir,rendormir,VER,,5711
le carnaval,carnaval,NOM,m,5712
lugubre,lugubre,ADJ,,5713
une écorce,écorce,NOM,f,5714
la galaxie,galaxie,NOM,f,5715
soyeux,soyeux,ADJ,,5716
cochon,cochon,ADJ,,5717
hagard,hagard,ADJ,,5718
la pousse,pousse,NOM,f,5719
précédemment,précédemment,ADV,,5720
se ressaisir,ressaisir,VER,,5721
revendre,revendre,VER,,5722
un étalage,étalage,NOM,m,5723
une entente,entente,NOM,f,5724
une honnêteté,honnêteté,NOM,f,5725
inaccessible,inaccessible,ADJ,,5726
le torchon,torchon,NOM,m,5727
distraitement,distraitement,ADV,,5728
la distribution,distribution,NOM,f,5729
la méditation,méditation,NOM,f,5730
une arcade,arcade,NOM,f,5731
dressé,dressé,VER,,5732
opaque,opaque,ADJ,,5733
le pirate,pirate,ADJ,m,5734
formel,formel,ADJ,,5735
recruter,recruter,VER,,5736
assurément,assurément,ADV,,5737
un isolement,isolement,NOM,m,5738
gaver,gaver,VER,,5739
acquiescer,acquiescer,VER,,5740
le petit-déjeuner,petit-déjeuner,NOM,m,5742
une armure,armure,NOM,f,5743
méfiant,méfiant,ADJ,,5744
le stock,stock,NOM,m,5745
le chargement,chargement,NOM,m,5746
confronter,confronter,VER,,5747
la coulisse,coulisse,NOM,f,5748
le juré,juré,VER,m,5749
le trac,trac,NOM,m,5750
ouest,ouest,ADJ,,5751
le sperme,sperme,NOM,m,5752
une assise,assise,VER,f,5753
un avant-bras,avant-bras,NOM,m,5754
exemplaire,exemplaire,ADJ,,5755
le moustique,moustique,NOM,m,5756
obligatoire,obligatoire,ADJ,,5757
la perche,perche,NOM,f,5758
voulu,voulu,VER,,5759
le labeur,labeur,NOM,m,5760
ravi,ravi,ADJ,,5761
un bravo,bravo,NOM,m,5762
décidé,décidé,VER,,5763
le total,total,ADJ,m,5764
bénéficier,bénéficier,VER,,5765
le grillage,grillage,NOM,m,5766
le minet,minet,NOM,m,5767
peinard,peinard,ADJ,,5768
le souverain,souverain,ADJ,m,5769
la raie,raie,NOM,f,5770
le bilan,bilan,NOM,m,5771
le duel,duel,NOM,m,5772
une hallucination,hallucination,NOM,f,5773
une obstination,obstination,NOM,f,5774
tristement,tristement,ADV,,5775
le blues,blues,NOM,m,5776
la dépêche,dépêche,NOM,f,5777
le calibre,calibre,NOM,m,5778
la largeur,largeur,NOM,f,5779
le déchet,déchet,NOM,m,5780
la commune,commune,ADJ,f,5781
un escadron,escadron,NOM,m,5782
la rançon,rançon,NOM,f,5783
la sincérité,sincérité,NOM,f,5784
le vocabulaire,vocabulaire,NOM,m,5785
desserrer,desserrer,VER,,5786
une brèche,brèche,NOM,f,5787
contester,contester,VER,,5788
le bûcher,bûcher,NOM,m,5789
triomphant,triomphant,ADJ,,5790
costaud,costaud,ADJ,,5791
effroyable,effroyable,ADJ,,5792
un interprète,interprète,NOM,m,5793
lisser,lisser,VER,,5794
mobiliser,mobiliser,VER,,5795
assaillir,assaillir,VER,,5796
un raté,raté,VER,m,5797
la renaissance,renaissance,NOM,f,5798
la sentence,sentence,NOM,f,5799
la consommation,consommation,NOM,f,5800
un enlèvement,enlèvement,NOM,m,5801
le labyrinthe,labyrinthe,NOM,m,5802
souverain,souverain,ADJ,,5803
le dévouement,dévouement,NOM,m,5804
poilu,poilu,ADJ,,5805
stratégique,stratégique,ADJ,,5806
terrifier,terrifier,VER,,5807
une altitude,altitude,NOM,f,5808
le roulement,roulement,NOM,m,5809
un abus,abus,NOM,m,5811
une anxiété,anxiété,NOM,f,5812
une poussée,poussée,VER,f,5813
le steak,steak,NOM,m,5814
puéril,puéril,ADJ,,5815
purement,purement,ADV,,5816
la devise,devise,NOM,f,5817
inhumain,inhumain,ADJ,,5818
le mécanicien,mécanicien,NOM,m,5819
onduler,onduler,VER,,5820
une prétention,prétention,NOM,f,5821
le bavardage,bavardage,NOM,m,5822
la crèche,crèche,NOM,f,5823
indéfiniment,indéfiniment,ADV,,5824
la timidité,timidité,NOM,f,5825
s'abstenir,abstenir,VER,,5826
affranchir,affranchir,VER,,5827
menteur,menteur,ADJ,,5828
une omelette,omelette,NOM,f,5829
la plongée,plongée,VER,f,5830
poliment,poliment,ADV,,5831
le communiqué,communiqué,VER,m,5832
la crotte,crotte,NOM,f,5833
s'impatienter,impatienter,VER,,5834
le tank,tank,NOM,m,5835
une interprétation,interprétation,NOM,f,5836
une ardoise,ardoise,ADJ,f,5837
le parasite,parasite,ADJ,m,5838
le pignon,pignon,NOM,m,5839
infiltrer,infiltrer,VER,,5840
une andouille,andouille,NOM,f,5841
replonger,replonger,VER,,5842
enfler,enfler,VER,,5843
frêle,frêle,ADJ,,5844
la rade,rade,NOM,f,5845
artiste,artiste,ADJ,,5846
le metteur en scène,metteur en scène,,m,5847
navré,navré,VER,,5848
le rassemblement,rassemblement,NOM,m,5849
rigide,rigide,ADJ,,5850
ample,ample,ADJ,,5851
s'assoupir,assoupir,VER,,5852
paumer,paumer,VER,,5853
le décret,décret,NOM,m,5854
exotique,exotique,ADJ,,5855
le bien-aimé,bien-aimé,ADJ,m,5857
vigoureux,vigoureux,ADJ,,5858
grisâtre,grisâtre,ADJ,,5859
le battant,battant,ADJ,m,5860
déceler,déceler,VER,,5861
la variété,variété,NOM,f,5862
bouder,bouder,VER,,5863
un entraîneur,entraîneur,NOM,m,5864
naval,naval,ADJ,,5865
un armement,armement,NOM,m,5866
scandaleux,scandaleux,ADJ,,5867
sensé,sensé,ADJ,,5868
un coquillage,coquillage,NOM,m,5869
relativement,relativement,ADV,,5870
fumant,fumant,ADJ,,5871
un habitué,habitué,VER,m,5872
une citation,citation,NOM,f,5873
une caution,caution,NOM,f,5874
charnel,charnel,ADJ,,5875
un flash,flash,NOM,m,5876
rajeunir,rajeunir,VER,,5877
un repère,repère,NOM,m,5878
étudiant,étudiant,ADJ,,5879
crasseux,crasseux,ADJ,,5880
déduire,déduire,VER,,5881
respectueux,respectueux,ADJ,,5882
une sphère,sphère,NOM,f,5883
un cinquième,cinquième,ADJ,m,5884
organisé,organisé,VER,,5885
perplexe,perplexe,ADJ,,5886
un épicier,épicier,NOM,m,5887
barbare,barbare,ADJ,,5888
doter,doter,VER,,5889
la démission,démission,NOM,f,5890
le refrain,refrain,NOM,m,5891
le revenu,revenu,VER,m,5892
reconduire,reconduire,VER,,5893
le tract,tract,NOM,m,5894
le bien-être,bien-être,NOM,m,5895
le radar,radar,NOM,m,5896
une vis,vis,VER,f,5898
la boucherie,boucherie,NOM,f,5899
le piquet,piquet,NOM,m,5900
une exclamation,exclamation,NOM,f,5901
le sillon,sillon,NOM,m,5902
découvert,découvert,ADJ,,5903
le procédé,procédé,VER,m,5904
reporter,reporter,ADJ,,5905
indiscret,indiscret,ADJ,,5906
blindé,blindé,VER,,5907
la distinction,distinction,NOM,f,5908
la navette,navette,NOM,f,5909
le tampon,tampon,NOM,m,5910
se vautrer,vautrer,VER,,5911
le commis,commis,VER,m,5912
coopérer,coopérer,VER,,5913
un osier,osier,NOM,m,5914
la transparence,transparence,NOM,f,5915
trempé,trempé,VER,,5916
le tyran,tyran,NOM,m,5917
éclipser,éclipser,VER,,5918
républicain,républicain,ADJ,,5919
la soucoupe,soucoupe,NOM,f,5920
minéral,minéral,ADJ,,5921
la complication,complication,NOM,f,5922
impassible,impassible,ADJ,,5923
robuste,robuste,ADJ,,5924
abstrait,abstrait,VER,,5925
une brune,brune,ADJ,f,5926
une impulsion,impulsion,NOM,f,5927
le environnement,environnement,NOM,m,5928
la nouveauté,nouveauté,NOM,f,5929
crisser,crisser,VER,,5930
un pensionnaire,pensionnaire,NOM,m,5931
collaborer,collaborer,VER,,5932
apprivoiser,apprivoiser,VER,,5933
gerber,gerber,VER,,5934
présumer,présumer,VER,,5935
un arbitre,arbitre,NOM,m,5936
broyer,broyer,VER,,5937
la habileté,habileté,NOM,f,5938
une liasse,liasse,NOM,f,5939
musulman,musulman,ADJ,,5940
trotter,trotter,VER,,5941
tenu,tenu,VER,,5942
le bouillon,bouillon,NOM,m,5943
une estrade,estrade,NOM,f,5944
le festival,festival,NOM,m,5945
frisé,frisé,VER,,5946
sceller,sceller,VER,,5947
une fraction,fraction,NOM,f,5948
ravager,ravager,VER,,5949
un rouquin,rouquin,ADJ,m,5950
hardi,hardi,ADJ,,5951
la lentille,lentille,NOM,f,5952
le massif,massif,ADJ,m,5953
patiemment,patiemment,ADV,,5954
un voyant,voyant,VER,m,5955
détecter,détecter,VER,,5956
la rapidité,rapidité,NOM,f,5957
le sage,sage,ADJ,m,5958
le look,look,NOM,m,5959
la pancarte,pancarte,NOM,f,5960
successivement,successivement,ADV,,5961
le dit,dit,VER,m,5962
le glaçon,glaçon,NOM,m,5963
majestueux,majestueux,ADJ,,5964
le bungalow,bungalow,NOM,m,5965
une entrevue,entrevue,VER,f,5966
la lucidité,lucidité,NOM,f,5967
édifier,édifier,VER,,5968
le cartable,cartable,NOM,m,5969
réaliste,réaliste,ADJ,,5970
strictement,strictement,ADV,,5971
le tic,tic,NOM,m,5972
grimacer,grimacer,VER,,5973
la gymnastique,gymnastique,NOM,f,5974
influencer,influencer,VER,,5975
la consultation,consultation,NOM,f,5976
le monastère,monastère,NOM,m,5977
le centime,centime,NOM,m,5978
le romancier,romancier,NOM,m,5979
la métamorphose,métamorphose,NOM,f,5980
psychiatrique,psychiatrique,ADJ,,5981
épatant,épatant,ADJ,,5982
griffer,griffer,VER,,5983
astiquer,astiquer,VER,,5984
répartir,répartir,VER,,5985
la tombée,tombée,VER,f,5986
la syllabe,syllabe,NOM,f,5987
fumé,fumé,VER,,5988
purifier,purifier,VER,,5989
vicieux,vicieux,ADJ,,5990
un affût,affût,NOM,m,5991
la courtoisie,courtoisie,NOM,f,5992
esquiver,esquiver,VER,,5993
une écaille,écaille,NOM,f,5994
un Autrichien,Autrichien,ADJ,m,5995
figé,figé,VER,,5996
un apéritif,apéritif,ADJ,m,5997
conter,conter,VER,,5998
le massage,massage,NOM,m,5999
le maïs,maïs,NOM,m,6000
sucré,sucré,VER,,6001
se tapir,tapir,NOM,,6002
un explosif,explosif,ADJ,m,6003
rectifier,rectifier,VER,,6004
séparé,séparé,VER,,6005
tinter,tinter,VER,,6006
volontairement,volontairement,ADV,,6007
le défunt,défunt,ADJ,m,6009
émaner,émaner,VER,,6010
fatigant,fatigant,ADJ,,6011
fermement,fermement,ADV,,6012
déferler,déferler,VER,,6013
propice,propice,ADJ,,6014
un short,short,NOM,m,6015
différemment,différemment,ADV,,6016
blaguer,blaguer,VER,,6017
charmer,charmer,VER,,6018
dédaigner,dédaigner,VER,,6019
fouler,fouler,VER,,6020
hésitant,hésitant,ADJ,,6021
la rosée,rosée,VER,f,6022
gourmand,gourmand,ADJ,,6023
bouillant,bouillant,ADJ,,6024
fâcheux,fâcheux,ADJ,,6025
vainement,vainement,ADV,,6026
le donneur,donneur,ADJ,m,6027
impérieux,impérieux,ADJ,,6028
financer,financer,VER,,6030
le gentil,gentil,ADJ,m,6031
un inverse,inverse,ADJ,m,6032
le néon,néon,NOM,m,6033
tardif,tardif,ADJ,,6034
un palace,palace,NOM,m,6035
prudemment,prudemment,ADV,,6036
rayonner,rayonner,VER,,6037
sanguin,sanguin,ADJ,,6038
le vernis,vernis,VER,m,6039
infecter,infecter,VER,,6040
le pécheur,pécheur,ADJ,m,6041
le tilleul,tilleul,NOM,m,6042
allier,allier,VER,,6043
dernièrement,dernièrement,ADV,,6044
la fermeté,fermeté,NOM,f,6045
les fiançailles,fiançailles,NOM,,6046
